image_id,product_id,sheet_id,position,image_type,row_number,product_name
1378,493,108-zZ8pwdygh44fBfKCJjTOdakEFOvJrUWAYaqRRjCo,A7,1,7,Брелок с карабином
19532,6707,10-mNIV1Bgj5BCmb7Oqe_w4JJyqSEMCpBkLvntTuNdhM,O5,0,5,Ведро для льда 2 (другая фабрика)
19574,6721,10saY1-_x2vUTZq24QcSTxprZ-ZCkNS8stlHjqAa3B4Y,P25,0,25,Игрушки
15461,5320,11Sduh8mJiC9BjSj1hm7B28dKBUf6x8Vtf19n46MGSAI,A4,1,4,Дизайн: сток
10399,3612,11TV5PkbSvWsp2wXQsY94dBL8-6wtTgYUAOKJzy82Ja8,A4,1,4,Дизайн: печать лого одноцвет
4256,,12_ec051isAmaW2IZVTfE38GF8gcupzTgpYzyy_KKUD0,A1,1,,
4221,1484,12_ec051isAmaW2IZVTfE38GF8gcupzTgpYzyy_KKUD0,A10,1,10,Кружка со складкной ручкой
4191,1485,12_ec051isAmaW2IZVTfE38GF8gcupzTgpYzyy_KKUD0,A12,1,12,Кружка
4192,1486,12_ec051isAmaW2IZVTfE38GF8gcupzTgpYzyy_KKUD0,A14,1,14,Кружка
4193,1487,12_ec051isAmaW2IZVTfE38GF8gcupzTgpYzyy_KKUD0,A16,1,16,Кружка
4195,1488,12_ec051isAmaW2IZVTfE38GF8gcupzTgpYzyy_KKUD0,A18,1,18,кружка+чайник
4194,1488,12_ec051isAmaW2IZVTfE38GF8gcupzTgpYzyy_KKUD0,A18,1,18,кружка+чайник
4196,1489,12_ec051isAmaW2IZVTfE38GF8gcupzTgpYzyy_KKUD0,A20,1,20,кружка+ложка+блюдце
4198,1490,12_ec051isAmaW2IZVTfE38GF8gcupzTgpYzyy_KKUD0,A22,1,22,кружка (под изготовление)
4197,1490,12_ec051isAmaW2IZVTfE38GF8gcupzTgpYzyy_KKUD0,A22,1,22,кружка (под изготовление)
4199,1491,12_ec051isAmaW2IZVTfE38GF8gcupzTgpYzyy_KKUD0,A24,1,24,кружка
4216,1492,12_ec051isAmaW2IZVTfE38GF8gcupzTgpYzyy_KKUD0,A26,1,26,Термохромная бутылка
4222,1493,12_ec051isAmaW2IZVTfE38GF8gcupzTgpYzyy_KKUD0,A27,1,27,Ионизирующая бутылка
4225,1494,12_ec051isAmaW2IZVTfE38GF8gcupzTgpYzyy_KKUD0,A28,1,28,Термокружка
4236,1495,12_ec051isAmaW2IZVTfE38GF8gcupzTgpYzyy_KKUD0,A30,1,30,Стакан
4240,1496,12_ec051isAmaW2IZVTfE38GF8gcupzTgpYzyy_KKUD0,A31,1,31,термос
4242,1497,12_ec051isAmaW2IZVTfE38GF8gcupzTgpYzyy_KKUD0,A33,1,33,термос
4244,1498,12_ec051isAmaW2IZVTfE38GF8gcupzTgpYzyy_KKUD0,A35,1,35,термос
4250,1499,12_ec051isAmaW2IZVTfE38GF8gcupzTgpYzyy_KKUD0,A37,1,37,термос для заварки чая с кейсом
4253,1500,12_ec051isAmaW2IZVTfE38GF8gcupzTgpYzyy_KKUD0,A39,1,39,термос
4188,1481,12_ec051isAmaW2IZVTfE38GF8gcupzTgpYzyy_KKUD0,A4,1,4,Кружка
4189,1482,12_ec051isAmaW2IZVTfE38GF8gcupzTgpYzyy_KKUD0,A6,1,6,Кружка
4190,1483,12_ec051isAmaW2IZVTfE38GF8gcupzTgpYzyy_KKUD0,A8,1,8,Кружка со складкной ручкой
4208,1485,12_ec051isAmaW2IZVTfE38GF8gcupzTgpYzyy_KKUD0,O12,0,12,Кружка
4207,1485,12_ec051isAmaW2IZVTfE38GF8gcupzTgpYzyy_KKUD0,O12,0,12,Кружка
4205,1486,12_ec051isAmaW2IZVTfE38GF8gcupzTgpYzyy_KKUD0,O14,0,14,Кружка
4206,1486,12_ec051isAmaW2IZVTfE38GF8gcupzTgpYzyy_KKUD0,O14,0,14,Кружка
4203,1488,12_ec051isAmaW2IZVTfE38GF8gcupzTgpYzyy_KKUD0,O18,0,18,кружка+чайник
4204,1488,12_ec051isAmaW2IZVTfE38GF8gcupzTgpYzyy_KKUD0,O18,0,18,кружка+чайник
4220,1489,12_ec051isAmaW2IZVTfE38GF8gcupzTgpYzyy_KKUD0,O20,0,20,кружка+ложка+блюдце
4202,1489,12_ec051isAmaW2IZVTfE38GF8gcupzTgpYzyy_KKUD0,O20,0,20,кружка+ложка+блюдце
4200,1491,12_ec051isAmaW2IZVTfE38GF8gcupzTgpYzyy_KKUD0,O24,0,24,кружка
4201,1491,12_ec051isAmaW2IZVTfE38GF8gcupzTgpYzyy_KKUD0,O24,0,24,кружка
4218,1492,12_ec051isAmaW2IZVTfE38GF8gcupzTgpYzyy_KKUD0,O26,0,26,Термохромная бутылка
4217,1492,12_ec051isAmaW2IZVTfE38GF8gcupzTgpYzyy_KKUD0,O26,0,26,Термохромная бутылка
4224,1493,12_ec051isAmaW2IZVTfE38GF8gcupzTgpYzyy_KKUD0,O27,0,27,Ионизирующая бутылка
4223,1493,12_ec051isAmaW2IZVTfE38GF8gcupzTgpYzyy_KKUD0,O27,0,27,Ионизирующая бутылка
4234,1494,12_ec051isAmaW2IZVTfE38GF8gcupzTgpYzyy_KKUD0,O28,0,28,Термокружка
4226,1494,12_ec051isAmaW2IZVTfE38GF8gcupzTgpYzyy_KKUD0,O28,0,28,Термокружка
4227,1494,12_ec051isAmaW2IZVTfE38GF8gcupzTgpYzyy_KKUD0,O28,0,28,Термокружка
4230,1494,12_ec051isAmaW2IZVTfE38GF8gcupzTgpYzyy_KKUD0,O28,0,28,Термокружка
4231,1494,12_ec051isAmaW2IZVTfE38GF8gcupzTgpYzyy_KKUD0,O28,0,28,Термокружка
4232,1494,12_ec051isAmaW2IZVTfE38GF8gcupzTgpYzyy_KKUD0,O28,0,28,Термокружка
4233,1494,12_ec051isAmaW2IZVTfE38GF8gcupzTgpYzyy_KKUD0,O28,0,28,Термокружка
4235,1494,12_ec051isAmaW2IZVTfE38GF8gcupzTgpYzyy_KKUD0,O28,0,28,Термокружка
4228,1494,12_ec051isAmaW2IZVTfE38GF8gcupzTgpYzyy_KKUD0,O28,0,28,Термокружка
4229,1494,12_ec051isAmaW2IZVTfE38GF8gcupzTgpYzyy_KKUD0,O28,0,28,Термокружка
4239,1495,12_ec051isAmaW2IZVTfE38GF8gcupzTgpYzyy_KKUD0,O30,0,30,Стакан
4238,1495,12_ec051isAmaW2IZVTfE38GF8gcupzTgpYzyy_KKUD0,O30,0,30,Стакан
4237,1495,12_ec051isAmaW2IZVTfE38GF8gcupzTgpYzyy_KKUD0,O30,0,30,Стакан
4241,1496,12_ec051isAmaW2IZVTfE38GF8gcupzTgpYzyy_KKUD0,O31,0,31,термос
4243,1497,12_ec051isAmaW2IZVTfE38GF8gcupzTgpYzyy_KKUD0,O33,0,33,термос
4247,1498,12_ec051isAmaW2IZVTfE38GF8gcupzTgpYzyy_KKUD0,O35,0,35,термос
4245,1498,12_ec051isAmaW2IZVTfE38GF8gcupzTgpYzyy_KKUD0,O35,0,35,термос
4246,1498,12_ec051isAmaW2IZVTfE38GF8gcupzTgpYzyy_KKUD0,O35,0,35,термос
4248,1499,12_ec051isAmaW2IZVTfE38GF8gcupzTgpYzyy_KKUD0,O37,0,37,термос для заварки чая с кейсом
4249,1499,12_ec051isAmaW2IZVTfE38GF8gcupzTgpYzyy_KKUD0,O37,0,37,термос для заварки чая с кейсом
4251,1499,12_ec051isAmaW2IZVTfE38GF8gcupzTgpYzyy_KKUD0,O37,0,37,термос для заварки чая с кейсом
4252,1499,12_ec051isAmaW2IZVTfE38GF8gcupzTgpYzyy_KKUD0,O37,0,37,термос для заварки чая с кейсом
4254,1500,12_ec051isAmaW2IZVTfE38GF8gcupzTgpYzyy_KKUD0,O39,0,39,термос
4255,1500,12_ec051isAmaW2IZVTfE38GF8gcupzTgpYzyy_KKUD0,O39,0,39,термос
4212,1481,12_ec051isAmaW2IZVTfE38GF8gcupzTgpYzyy_KKUD0,O4,0,4,Кружка
4213,1481,12_ec051isAmaW2IZVTfE38GF8gcupzTgpYzyy_KKUD0,O4,0,4,Кружка
4215,1482,12_ec051isAmaW2IZVTfE38GF8gcupzTgpYzyy_KKUD0,O6,0,6,Кружка
4214,1482,12_ec051isAmaW2IZVTfE38GF8gcupzTgpYzyy_KKUD0,O6,0,6,Кружка
4210,,12_ec051isAmaW2IZVTfE38GF8gcupzTgpYzyy_KKUD0,O7,0,,
4209,1483,12_ec051isAmaW2IZVTfE38GF8gcupzTgpYzyy_KKUD0,O8,0,8,Кружка со складкной ручкой
4219,1488,12_ec051isAmaW2IZVTfE38GF8gcupzTgpYzyy_KKUD0,P18,0,18,кружка+чайник
4211,1483,12_ec051isAmaW2IZVTfE38GF8gcupzTgpYzyy_KKUD0,P8,0,8,Кружка со складкной ручкой
16394,5672,12voBssLZZzfO_k-HnGlZcSq_ZRA0TbgPR9SwJtyzu4U,A5,1,5,Стикеры
12643,4358,13HA4sfjs5eEooYX4LCfYn0Tk8hd9rU8tYNn5Ia2I1Kc,A22,1,22,Шапка
18835,,148sjSgKgISUBFtTwROlpiQ117NDXXxI2DyzvCFMhYT0,O1,0,,
16129,5582,15VfFdlEEI96ax7SivgYayN-ttWG_vZAo0mkDCMc5nwg,A99,1,99,Брелок
2226,785,16_5exZy_IpIApCY8bOQ-jOnZZvTOr2efRs82eQJXpIQ,A4,1,4,Дизайн: без кастома
21644,7488,18Ab_IJTCQ8kRy4eqhl1vynYuOw8EJ4oipSXcsta0X1s,A12,1,12,Бокал для пива
10863,3781,18cwZQjIM1i7LKrG7_6jk93X4_aG-V3nIwvV3afFc7ps,A4,1,4,USB светильник
5446,1934,19N-Ca-DX19F3oyqiQ5NNuSN1BHbruVET6FOgvpzj2cM,D22,0,22,Бутылка
33757,11797,1Aq5zZHgjAVReD1scjDYvC9twEtvIiBS3kPZBq4vCpkU,A10,,,
33759,11797,1Aq5zZHgjAVReD1scjDYvC9twEtvIiBS3kPZBq4vCpkU,R10,,,
33758,11797,1Aq5zZHgjAVReD1scjDYvC9twEtvIiBS3kPZBq4vCpkU,R10,,,
18450,,1arAJrpltSndihippUGVIQPpLZ2BVQB_K6_T-MA_Akd8,A1,1,,
18444,6336,1arAJrpltSndihippUGVIQPpLZ2BVQB_K6_T-MA_Akd8,A4,1,4,Дизайн: печать
18445,6337,1arAJrpltSndihippUGVIQPpLZ2BVQB_K6_T-MA_Akd8,A5,1,5,Дизайн: по макету печать
18449,6338,1arAJrpltSndihippUGVIQPpLZ2BVQB_K6_T-MA_Akd8,A6,1,6,Дизайн: по макету
18446,6339,1arAJrpltSndihippUGVIQPpLZ2BVQB_K6_T-MA_Akd8,A7,1,,
18447,6340,1arAJrpltSndihippUGVIQPpLZ2BVQB_K6_T-MA_Akd8,A8,1,8,Дизайн: по макету
18448,6341,1arAJrpltSndihippUGVIQPpLZ2BVQB_K6_T-MA_Akd8,A9,1,9,Дизайн: по макету
18352,6306,1aR_FDltf8yPFe-Wjg4ZyrCSaa-FnwOb7_rAHYxbNvLc,A13,1,13,Сабо
5887,2084,1auM_vwNCDYo-7TyiVAPRKnfPMKQ5QJlZcNyrmj9q9HI,A18,1,18,Картхолдер с лентой
21110,7320,1aUOL4DPp5Z3wb9_XMuiTYl2uNC-6KlYGDZxx7CcU6Ic,A14,1,14,Дизайн: из наличия
21121,7317,1aUOL4DPp5Z3wb9_XMuiTYl2uNC-6KlYGDZxx7CcU6Ic,A6,1,6,Дизайн: из наличия
21281,7374,1AW18OOBOCOBehqoKFmozqTqareallgTaLWCMcA1i6Po,A31,1,31,Игрушка-антистресс
16297,5641,1Ay0aV7nvq_cN1Ot-BkVIV63V_ptX4EP0sKo0sm6-ESM,A7,1,7,"Бутылка прозрачная, пластик, с ремешком"
33267,11744,1BdnqhSDcZBuJzGvSsn-nOoWLnMNym7i,A7,,,
33268,11744,1BdnqhSDcZBuJzGvSsn-nOoWLnMNym7i,R7,,,
33269,11744,1BdnqhSDcZBuJzGvSsn-nOoWLnMNym7i,R7,,,
33270,11744,1BdnqhSDcZBuJzGvSsn-nOoWLnMNym7i,R7,,,
4981,,1BqMa70TxvWezJ4WwjhvgAKj39TTEdlmcENo0u7RI0Og,O10,0,,
5373,,1bU-uquzLaUBvjC-cTNagm0TROOp353_I58VDwsM-nAY,A1,1,,
7375,2625,1byg--2cov81F8V0G7k90iNKg9VTRgrfTUyKFCdfH4-U,A4,1,4,Складной стул
4769,,1C5uLFhkBQlONkPqW8Iik95iGLow1OGWg94OojRM_TK8,A1,1,,
4707,1657,1C5uLFhkBQlONkPqW8Iik95iGLow1OGWg94OojRM_TK8,A10,1,10,Расческа для животных
4709,1658,1C5uLFhkBQlONkPqW8Iik95iGLow1OGWg94OojRM_TK8,A11,1,11,Поводок
4710,1659,1C5uLFhkBQlONkPqW8Iik95iGLow1OGWg94OojRM_TK8,A12,1,12,Ошейник
4711,1660,1C5uLFhkBQlONkPqW8Iik95iGLow1OGWg94OojRM_TK8,A13,1,13,Ремень
4712,1661,1C5uLFhkBQlONkPqW8Iik95iGLow1OGWg94OojRM_TK8,A14,1,14,Сумка малая
4713,1662,1C5uLFhkBQlONkPqW8Iik95iGLow1OGWg94OojRM_TK8,A15,1,15,Сумка большая
4714,1663,1C5uLFhkBQlONkPqW8Iik95iGLow1OGWg94OojRM_TK8,A16,1,16,Шлейка
4721,1664,1C5uLFhkBQlONkPqW8Iik95iGLow1OGWg94OojRM_TK8,A17,1,17,Чехол для мешков
4715,1665,1C5uLFhkBQlONkPqW8Iik95iGLow1OGWg94OojRM_TK8,A18,1,18,"Игрушка ""Морковь"""
4716,1666,1C5uLFhkBQlONkPqW8Iik95iGLow1OGWg94OojRM_TK8,A19,1,19,"Игрушка ""Ботинок"""
4717,1667,1C5uLFhkBQlONkPqW8Iik95iGLow1OGWg94OojRM_TK8,A20,1,20,"Игрушка ""Шина"""
4722,1668,1C5uLFhkBQlONkPqW8Iik95iGLow1OGWg94OojRM_TK8,A21,1,21,Сумка поясная
4723,1669,1C5uLFhkBQlONkPqW8Iik95iGLow1OGWg94OojRM_TK8,A22,1,22,"Игрушка ""Желудь"""
4725,1670,1C5uLFhkBQlONkPqW8Iik95iGLow1OGWg94OojRM_TK8,A23,1,23,Фрисби
4724,1671,1C5uLFhkBQlONkPqW8Iik95iGLow1OGWg94OojRM_TK8,A24,1,24,Коврик
4726,1672,1C5uLFhkBQlONkPqW8Iik95iGLow1OGWg94OojRM_TK8,A25,1,25,Складная миска
4727,1673,1C5uLFhkBQlONkPqW8Iik95iGLow1OGWg94OojRM_TK8,A26,1,26,Поилка
4718,1674,1C5uLFhkBQlONkPqW8Iik95iGLow1OGWg94OojRM_TK8,A27,1,27,Сумка поясная
4719,1675,1C5uLFhkBQlONkPqW8Iik95iGLow1OGWg94OojRM_TK8,A28,1,28,Поводок
4720,1676,1C5uLFhkBQlONkPqW8Iik95iGLow1OGWg94OojRM_TK8,A29,1,29,Бутылка
4748,1677,1C5uLFhkBQlONkPqW8Iik95iGLow1OGWg94OojRM_TK8,A30,1,30,Стакан
4750,1678,1C5uLFhkBQlONkPqW8Iik95iGLow1OGWg94OojRM_TK8,A31,1,31,Лабубу
4754,1679,1C5uLFhkBQlONkPqW8Iik95iGLow1OGWg94OojRM_TK8,A32,1,32,Лабубу
4760,1680,1C5uLFhkBQlONkPqW8Iik95iGLow1OGWg94OojRM_TK8,A33,1,33,Поводок
4761,1681,1C5uLFhkBQlONkPqW8Iik95iGLow1OGWg94OojRM_TK8,A34,1,34,Бутылка
4766,1682,1C5uLFhkBQlONkPqW8Iik95iGLow1OGWg94OojRM_TK8,A35,1,35,Бутылка
4696,1651,1C5uLFhkBQlONkPqW8Iik95iGLow1OGWg94OojRM_TK8,A4,1,4,Поилка
4693,1652,1C5uLFhkBQlONkPqW8Iik95iGLow1OGWg94OojRM_TK8,A5,1,5,Поилка складная
4698,1653,1C5uLFhkBQlONkPqW8Iik95iGLow1OGWg94OojRM_TK8,A6,1,6,Поводок с запечаткой по макету
4700,1654,1C5uLFhkBQlONkPqW8Iik95iGLow1OGWg94OojRM_TK8,A7,1,7,Рулетка с подсветкой
4703,1655,1C5uLFhkBQlONkPqW8Iik95iGLow1OGWg94OojRM_TK8,A8,1,8,"Чехол для мешков ""косточка"""
4705,1656,1C5uLFhkBQlONkPqW8Iik95iGLow1OGWg94OojRM_TK8,A9,1,9,Чехол для мешков с фонариком
4708,1657,1C5uLFhkBQlONkPqW8Iik95iGLow1OGWg94OojRM_TK8,O10,0,10,Расческа для животных
4740,1658,1C5uLFhkBQlONkPqW8Iik95iGLow1OGWg94OojRM_TK8,O11,0,11,Поводок
4737,1659,1C5uLFhkBQlONkPqW8Iik95iGLow1OGWg94OojRM_TK8,O12,0,12,Ошейник
4739,1659,1C5uLFhkBQlONkPqW8Iik95iGLow1OGWg94OojRM_TK8,O12,0,12,Ошейник
4738,1660,1C5uLFhkBQlONkPqW8Iik95iGLow1OGWg94OojRM_TK8,O13,0,13,Ремень
4741,1661,1C5uLFhkBQlONkPqW8Iik95iGLow1OGWg94OojRM_TK8,O14,0,14,Сумка малая
4742,1662,1C5uLFhkBQlONkPqW8Iik95iGLow1OGWg94OojRM_TK8,O15,0,15,Сумка большая
4744,1663,1C5uLFhkBQlONkPqW8Iik95iGLow1OGWg94OojRM_TK8,O16,0,16,Шлейка
4743,1663,1C5uLFhkBQlONkPqW8Iik95iGLow1OGWg94OojRM_TK8,O16,0,16,Шлейка
4736,1668,1C5uLFhkBQlONkPqW8Iik95iGLow1OGWg94OojRM_TK8,O21,0,21,Сумка поясная
4745,1669,1C5uLFhkBQlONkPqW8Iik95iGLow1OGWg94OojRM_TK8,O22,0,22,"Игрушка ""Желудь"""
4746,1671,1C5uLFhkBQlONkPqW8Iik95iGLow1OGWg94OojRM_TK8,O24,0,24,Коврик
4747,1673,1C5uLFhkBQlONkPqW8Iik95iGLow1OGWg94OojRM_TK8,O26,0,26,Поилка
4733,1674,1C5uLFhkBQlONkPqW8Iik95iGLow1OGWg94OojRM_TK8,O27,0,27,Сумка поясная
4735,1674,1C5uLFhkBQlONkPqW8Iik95iGLow1OGWg94OojRM_TK8,O27,0,27,Сумка поясная
4734,1674,1C5uLFhkBQlONkPqW8Iik95iGLow1OGWg94OojRM_TK8,O27,0,27,Сумка поясная
4731,1675,1C5uLFhkBQlONkPqW8Iik95iGLow1OGWg94OojRM_TK8,O28,0,28,Поводок
4730,1675,1C5uLFhkBQlONkPqW8Iik95iGLow1OGWg94OojRM_TK8,O28,0,28,Поводок
4732,1675,1C5uLFhkBQlONkPqW8Iik95iGLow1OGWg94OojRM_TK8,O28,0,28,Поводок
4729,1676,1C5uLFhkBQlONkPqW8Iik95iGLow1OGWg94OojRM_TK8,O29,0,29,Бутылка
4728,1676,1C5uLFhkBQlONkPqW8Iik95iGLow1OGWg94OojRM_TK8,O29,0,29,Бутылка
4749,1677,1C5uLFhkBQlONkPqW8Iik95iGLow1OGWg94OojRM_TK8,O30,0,30,Стакан
4753,1678,1C5uLFhkBQlONkPqW8Iik95iGLow1OGWg94OojRM_TK8,O31,0,31,Лабубу
4751,1678,1C5uLFhkBQlONkPqW8Iik95iGLow1OGWg94OojRM_TK8,O31,0,31,Лабубу
4752,1678,1C5uLFhkBQlONkPqW8Iik95iGLow1OGWg94OojRM_TK8,O31,0,31,Лабубу
4757,1679,1C5uLFhkBQlONkPqW8Iik95iGLow1OGWg94OojRM_TK8,O32,0,32,Лабубу
4756,1679,1C5uLFhkBQlONkPqW8Iik95iGLow1OGWg94OojRM_TK8,O32,0,32,Лабубу
4755,1679,1C5uLFhkBQlONkPqW8Iik95iGLow1OGWg94OojRM_TK8,O32,0,32,Лабубу
4758,1679,1C5uLFhkBQlONkPqW8Iik95iGLow1OGWg94OojRM_TK8,O32,0,32,Лабубу
4759,1679,1C5uLFhkBQlONkPqW8Iik95iGLow1OGWg94OojRM_TK8,O32,0,32,Лабубу
4764,1681,1C5uLFhkBQlONkPqW8Iik95iGLow1OGWg94OojRM_TK8,O34,0,34,Бутылка
4763,1681,1C5uLFhkBQlONkPqW8Iik95iGLow1OGWg94OojRM_TK8,O34,0,34,Бутылка
4762,1681,1C5uLFhkBQlONkPqW8Iik95iGLow1OGWg94OojRM_TK8,O34,0,34,Бутылка
4765,1681,1C5uLFhkBQlONkPqW8Iik95iGLow1OGWg94OojRM_TK8,O34,0,34,Бутылка
4768,1682,1C5uLFhkBQlONkPqW8Iik95iGLow1OGWg94OojRM_TK8,O35,0,35,Бутылка
4767,1682,1C5uLFhkBQlONkPqW8Iik95iGLow1OGWg94OojRM_TK8,O35,0,35,Бутылка
4697,1651,1C5uLFhkBQlONkPqW8Iik95iGLow1OGWg94OojRM_TK8,O4,0,4,Поилка
4695,1652,1C5uLFhkBQlONkPqW8Iik95iGLow1OGWg94OojRM_TK8,O5,0,5,Поилка складная
4694,1652,1C5uLFhkBQlONkPqW8Iik95iGLow1OGWg94OojRM_TK8,O5,0,5,Поилка складная
4699,1653,1C5uLFhkBQlONkPqW8Iik95iGLow1OGWg94OojRM_TK8,O6,0,6,Поводок с запечаткой по макету
4701,1654,1C5uLFhkBQlONkPqW8Iik95iGLow1OGWg94OojRM_TK8,O7,0,7,Рулетка с подсветкой
4702,1654,1C5uLFhkBQlONkPqW8Iik95iGLow1OGWg94OojRM_TK8,O7,0,7,Рулетка с подсветкой
4704,1655,1C5uLFhkBQlONkPqW8Iik95iGLow1OGWg94OojRM_TK8,O8,0,8,"Чехол для мешков ""косточка"""
4706,1656,1C5uLFhkBQlONkPqW8Iik95iGLow1OGWg94OojRM_TK8,O9,0,9,Чехол для мешков с фонариком
2793,1009,1CA8dacU2hedgP3Y4hPJA5zysnyW6bfpukxtt1eU-vW8,A7,1,7,конструктор
9609,3362,1CZx2DNvrfV8pbC888PvWuQWZu7WL9U4sPlsjTmYzK_Y,A10,1,10,Дизайн: сток
22569,7776,1Dl-5aQV0CVH2zLkiLdkmbzQMXNUWn0UnOZG9lxgTWP8,A4,1,4,Дизайн: без нанесения
5691,2019,1DYG9HdYTk6VoWcKlp4_z2FO69wJ9rFsRWJyco5NYLqg,A4,1,4,Рюкзак - дутик
1076,400,1eECUR5Fv1Fzan8XmzZ8u9Aex3dyB6wZ8ci7A8Dwasog,A4,1,4,Кубик рубик брелок
1121,412,1f9k4qtumif1P9fcPCGLdbif08kBNHkoJDMxtMIY8Z9E,A13,1,13,Караоке-микрофон
1130,415,1f9k4qtumif1P9fcPCGLdbif08kBNHkoJDMxtMIY8Z9E,A16,1,16,Ланчбокс с термосумкой
1018,374,1g5nRzh4T2gPz36vhD8cz6L6ReY_pjUjFVRBWUv6a1dU,A17,1,17,Чехол для чемодана XL
3009,1084,1g7brWCQWJyxoBP89Ir4MdATx42pB20biMRBNf1BWbo8,A6,1,6,свитшот
33182,11733,1gBwvoP,A8,,,
33183,11733,1gBwvoP,R8,,,
33184,11733,1gBwvoP,R8,,,
33185,11733,1gBwvoP,R8,,,
13982,,1gDzp8z84yKF9ZlIOsF_w4pyHnYyEuroCHuDycQd6QZ0,A1,1,,
9152,3213,1gHxB2bsqdMuYTe-Y6JuZDg9dCfJd_Y8nbGv-p8_0AaQ,A14,1,14,Маска для сна с эффектом памяти
482,186,1_gxRXBdbBXodRPeyg0TDURKW2ZibupO9Z1sUDK-JKq0,A15,1,15,Бирка багажная
18902,6497,1h-JVJdMyHBJDshUCq8cWA2XR35aSn3AJJnpt_AOD_rY,A14,1,14,караоке
3392,1217,1ierbKvbuw0p47UJTCMtjzdfV7ky3_UAeE7BsXEDeB8o,A22,1,22,Наушники проводные
17829,,1igQA1aZxkkQ_myMRQQSHJakNNmEHMXy0wfygDDhz_hg,O13,0,,
17056,,1Inczl7tClDqFBbnJArxypDKq0JunzMTBpatSGsOtUM4,A1,1,,
14529,,1iXmxWA6Yp5S2b4zHkqW7ROhQwWEXxGVSbSTAh-1W6Q8,A1,1,,
33259,11743,1J7K4ymMFWKxtkyzgDGPJFowBxxBthPzQbOkdULSrezk,A8,,,
34056,11853,1KGOfp,A7,,,
34057,11853,1KGOfp,R7,,,
9411,,1ki2T2-6QA9k7bNMRfM0RUgK--V3zXHCtWz-fbWXnZfU,A1,1,,
1546,,1KoO0hTNrR9gvpBi05oP5wSxx-R6gF8L-s_72zcng-lU,A1,1,,
684,242,1lFSduWOJ3VduydGhSo-H6UEdcNSAZYUx9GxajtWfi0s,N5,0,5,Бокалы с золотым узором
19307,,1LMsOZRwwG67iopxm95ITou7fCdWjKLf4pjhYRd_WVS4,A1,1,,
19299,6642,1LMsOZRwwG67iopxm95ITou7fCdWjKLf4pjhYRd_WVS4,A4,1,4,Дизайн: из наличия
19302,6643,1LMsOZRwwG67iopxm95ITou7fCdWjKLf4pjhYRd_WVS4,A7,1,7,Дизайн: из наличия
19300,6642,1LMsOZRwwG67iopxm95ITou7fCdWjKLf4pjhYRd_WVS4,O4,0,4,Дизайн: из наличия
19301,6642,1LMsOZRwwG67iopxm95ITou7fCdWjKLf4pjhYRd_WVS4,O4,0,4,Дизайн: из наличия
19305,6643,1LMsOZRwwG67iopxm95ITou7fCdWjKLf4pjhYRd_WVS4,O7,0,7,Дизайн: из наличия
19303,6643,1LMsOZRwwG67iopxm95ITou7fCdWjKLf4pjhYRd_WVS4,O7,0,7,Дизайн: из наличия
19304,,1LMsOZRwwG67iopxm95ITou7fCdWjKLf4pjhYRd_WVS4,O8,0,,
19306,,1LMsOZRwwG67iopxm95ITou7fCdWjKLf4pjhYRd_WVS4,O8,0,,
3923,1382,1lSdNhLkMS4xQjbRjNKNHJQP9FE0JCSCvpCeI88jI4gM,S8,0,8,Папка 1
3432,1227,1miYWiZwKCslUo8R36qqC2aEhkAHFKt_53QfsFDIUJCE,O4,0,4,Ручка
29510,11274,1MvwSGoj9tBJnrtSa1eqMV3hknZNsfPf9JS7,A23,,,
29512,11274,1MvwSGoj9tBJnrtSa1eqMV3hknZNsfPf9JS7,R23,,,
29511,11274,1MvwSGoj9tBJnrtSa1eqMV3hknZNsfPf9JS7,R23,,,
33047,11716,1nA,A8,,,
33046,11716,1nA,R7,,,
7540,2700,1NaKk9PCAe-SrKUuz5KEa5sZT77buv3_iW1tqOqZnDHs,A14,1,14,Дизайн: по рефернсу клиента
6884,2454,1NzGMZ_Wq-KJqsWKZwum4cfOirf6HCp8hqH53FXACKkA,A16,1,16,Дорожный набор с зарядным кабелем
18546,,1OHz7TrIlX_Mp8WQ-or4pGhyMfVCe4F_Q15_hZCtBjCk,A1,1,,
18541,6371,1OHz7TrIlX_Mp8WQ-or4pGhyMfVCe4F_Q15_hZCtBjCk,A4,1,4,худи оверсайз
18540,6372,1OHz7TrIlX_Mp8WQ-or4pGhyMfVCe4F_Q15_hZCtBjCk,A5,1,5,футболка оверсайз
18544,6371,1OHz7TrIlX_Mp8WQ-or4pGhyMfVCe4F_Q15_hZCtBjCk,O4,0,4,худи оверсайз
18545,6371,1OHz7TrIlX_Mp8WQ-or4pGhyMfVCe4F_Q15_hZCtBjCk,O4,0,4,худи оверсайз
18543,6372,1OHz7TrIlX_Mp8WQ-or4pGhyMfVCe4F_Q15_hZCtBjCk,O5,0,5,футболка оверсайз
18542,6372,1OHz7TrIlX_Mp8WQ-or4pGhyMfVCe4F_Q15_hZCtBjCk,O5,0,5,футболка оверсайз
22186,7673,1o-pd9SKFuEUx2s_lCckvFP0yMH2u8ph5jztltysFiFk,A100,1,100,Джиббитсы на шнурки
22139,7645,1o-pd9SKFuEUx2s_lCckvFP0yMH2u8ph5jztltysFiFk,A16,1,16,Перчатки
4055,1432,1-oTz65n0m2uZY73NkBPUJoGWrWVoWGyIGex_mWl8U9U,P4,0,4,ручка по инд форме + коробка
1840,648,1PcmHsMpUTgoe-FEiU-K2iB4jJwraJcTmFLmy1uaYREI,O4,0,4,"Складная лампа ""Елка"""
22768,7832,1Peugr1gKXkQSZOcuP7hSxVJJuEhu6RayxpK_VOJSzJg,P4,0,4,Куллер для вина
32827,11676,1Q7cvv3PKPveKPmJRPq-BX0uLDrstg80SqZId4hnJQnQ,A19,,,
32828,11676,1Q7cvv3PKPveKPmJRPq-BX0uLDrstg80SqZId4hnJQnQ,R19,,,
32826,11676,1Q7cvv3PKPveKPmJRPq-BX0uLDrstg80SqZId4hnJQnQ,S18,,,
32829,11676,1Q7cvv3PKPveKPmJRPq-BX0uLDrstg80SqZId4hnJQnQ,V19,,,
32830,11676,1Q7cvv3PKPveKPmJRPq-BX0uLDrstg80SqZId4hnJQnQ,Y19,,,
32820,11674,1QCN0EnTpcg6QzWTLo0dRDu0Tjb4d-1PRG6niCPuG7Pw,A8,,,
32821,11674,1QCN0EnTpcg6QzWTLo0dRDu0Tjb4d-1PRG6niCPuG7Pw,O8,,,
1421,,1qg67UHE_4EMrobXa5BcGjsm5qS0YTENQjIsL9wAWcqE,A1,1,,
22509,,1Qj75vR97rhfBTtP0zrgtpdxIjg161vTnvIHHpcI1mSA,N3,0,,
18118,,1Q_nfbra9G1rxTiHkE7ln-Z9H6Ha5vvcPr7Rcenh1b6c,A32,1,,
16884,,1Qt2v_-me-yEpQ1_LtnO7U72J3ktBdCcTtlh1PlXSlJY,A9,1,,
13469,4572,1RroWKwbwdiN9pnpjvwYPDn_cTfrtnS_hAS-_OzhH95g,A11,1,11,визитница
12227,4234,1r-vvEdzvD7JeELo9ziOdVNHEot8m75C7JGN8JmJQyks,N12,0,12,Дизайн: нет
6409,2295,1t6ApkISxm-UIIS-3SEc5YU4YdpgGWP_h5ZEGH1PeZL4,A11,1,11,Падел (1 ракетка)
3667,,1tadByKcZFWoLp05vV_TqaPslPdZVi-_ofiSBmF6_GR0,A1,1,,
3589,1278,1tadByKcZFWoLp05vV_TqaPslPdZVi-_ofiSBmF6_GR0,A10,1,10,Дизайн: из наличия
3575,1280,1tadByKcZFWoLp05vV_TqaPslPdZVi-_ofiSBmF6_GR0,A13,1,13,Дизайн: производство в соответствии с макетом
3576,1281,1tadByKcZFWoLp05vV_TqaPslPdZVi-_ofiSBmF6_GR0,A15,1,15,Дизайн: производство в соответствии с макетом
3577,1282,1tadByKcZFWoLp05vV_TqaPslPdZVi-_ofiSBmF6_GR0,A17,1,17,Дизайн: производство в соответствии с макетом
3578,1283,1tadByKcZFWoLp05vV_TqaPslPdZVi-_ofiSBmF6_GR0,A19,1,19,Дизайн: производство в соответствии с макетом
3599,1284,1tadByKcZFWoLp05vV_TqaPslPdZVi-_ofiSBmF6_GR0,A21,1,21,Дизайн: из наличия
3602,1286,1tadByKcZFWoLp05vV_TqaPslPdZVi-_ofiSBmF6_GR0,A23,1,23,Дизайн: из наличия
3605,1288,1tadByKcZFWoLp05vV_TqaPslPdZVi-_ofiSBmF6_GR0,A25,1,25,"Дизайн: нанесение лого, можно настроить цвет
По вариантам нанесения: можно сделать только шелкографию в 1 цвет"
3610,1289,1tadByKcZFWoLp05vV_TqaPslPdZVi-_ofiSBmF6_GR0,A27,1,27,Дизайн: из наличия
3616,1290,1tadByKcZFWoLp05vV_TqaPslPdZVi-_ofiSBmF6_GR0,A29,1,29,Дизайн: из наличия
3632,1291,1tadByKcZFWoLp05vV_TqaPslPdZVi-_ofiSBmF6_GR0,A31,1,31,"Дизайн: плетение по макету, 1 цвет"
3621,1292,1tadByKcZFWoLp05vV_TqaPslPdZVi-_ofiSBmF6_GR0,A33,1,33,"Дизайн: плетение по макету, 1 цвет"
3622,1293,1tadByKcZFWoLp05vV_TqaPslPdZVi-_ofiSBmF6_GR0,A35,1,35,"Дизайн: плетение по макету, 1 цвет"
3623,1294,1tadByKcZFWoLp05vV_TqaPslPdZVi-_ofiSBmF6_GR0,A37,1,37,Дизайн: из наличия
3579,1274,1tadByKcZFWoLp05vV_TqaPslPdZVi-_ofiSBmF6_GR0,A4,1,4,"Дизайн: из наличия, нанесение лого (лазерная гравировка, шелкография или 3д печать)"
3631,1296,1tadByKcZFWoLp05vV_TqaPslPdZVi-_ofiSBmF6_GR0,A40,1,40,Дизайн: из наличия
3633,1297,1tadByKcZFWoLp05vV_TqaPslPdZVi-_ofiSBmF6_GR0,A42,1,42,Дизайн: из наличия
3571,1298,1tadByKcZFWoLp05vV_TqaPslPdZVi-_ofiSBmF6_GR0,A44,1,44,Дизайн: из наличия
3636,1299,1tadByKcZFWoLp05vV_TqaPslPdZVi-_ofiSBmF6_GR0,A46,1,46,Дизайн: производство по макету
3583,1300,1tadByKcZFWoLp05vV_TqaPslPdZVi-_ofiSBmF6_GR0,A47,1,47,"Дизайн: из наличия, с подвеской"
3572,1301,1tadByKcZFWoLp05vV_TqaPslPdZVi-_ofiSBmF6_GR0,A49,1,49,Дизайн: из наличия
3643,1302,1tadByKcZFWoLp05vV_TqaPslPdZVi-_ofiSBmF6_GR0,A51,1,51,Дизайн: производство по макету
3570,1303,1tadByKcZFWoLp05vV_TqaPslPdZVi-_ofiSBmF6_GR0,A52,1,52,Дизайн: из наличия
3659,1304,1tadByKcZFWoLp05vV_TqaPslPdZVi-_ofiSBmF6_GR0,A54,1,54,Дизайн: производство по макету
3574,1305,1tadByKcZFWoLp05vV_TqaPslPdZVi-_ofiSBmF6_GR0,A55,1,55,Дизайн: из наличия
3660,1306,1tadByKcZFWoLp05vV_TqaPslPdZVi-_ofiSBmF6_GR0,A57,1,57,Дизайн: производство по макету
3573,1307,1tadByKcZFWoLp05vV_TqaPslPdZVi-_ofiSBmF6_GR0,A59,1,59,Дизайн: из наличия
3584,1276,1tadByKcZFWoLp05vV_TqaPslPdZVi-_ofiSBmF6_GR0,A7,1,7,Дизайн: из наличия
3592,1278,1tadByKcZFWoLp05vV_TqaPslPdZVi-_ofiSBmF6_GR0,O10,0,10,Дизайн: из наличия
3591,1278,1tadByKcZFWoLp05vV_TqaPslPdZVi-_ofiSBmF6_GR0,O10,0,10,Дизайн: из наличия
3590,1278,1tadByKcZFWoLp05vV_TqaPslPdZVi-_ofiSBmF6_GR0,O10,0,10,Дизайн: из наличия
3597,1280,1tadByKcZFWoLp05vV_TqaPslPdZVi-_ofiSBmF6_GR0,O13,0,13,Дизайн: производство в соответствии с макетом
3598,1281,1tadByKcZFWoLp05vV_TqaPslPdZVi-_ofiSBmF6_GR0,O15,0,15,Дизайн: производство в соответствии с макетом
3596,1282,1tadByKcZFWoLp05vV_TqaPslPdZVi-_ofiSBmF6_GR0,O17,0,17,Дизайн: производство в соответствии с макетом
3595,1282,1tadByKcZFWoLp05vV_TqaPslPdZVi-_ofiSBmF6_GR0,O17,0,17,Дизайн: производство в соответствии с макетом
3594,1283,1tadByKcZFWoLp05vV_TqaPslPdZVi-_ofiSBmF6_GR0,O19,0,19,Дизайн: производство в соответствии с макетом
3600,1284,1tadByKcZFWoLp05vV_TqaPslPdZVi-_ofiSBmF6_GR0,O21,0,21,Дизайн: из наличия
3601,1284,1tadByKcZFWoLp05vV_TqaPslPdZVi-_ofiSBmF6_GR0,O21,0,21,Дизайн: из наличия
3603,1286,1tadByKcZFWoLp05vV_TqaPslPdZVi-_ofiSBmF6_GR0,O23,0,23,Дизайн: из наличия
3604,1286,1tadByKcZFWoLp05vV_TqaPslPdZVi-_ofiSBmF6_GR0,O23,0,23,Дизайн: из наличия
3606,1288,1tadByKcZFWoLp05vV_TqaPslPdZVi-_ofiSBmF6_GR0,O25,0,25,"Дизайн: нанесение лого, можно настроить цвет
По вариантам нанесения: можно сделать только шелкографию в 1 цвет"
3607,1288,1tadByKcZFWoLp05vV_TqaPslPdZVi-_ofiSBmF6_GR0,O25,0,25,"Дизайн: нанесение лого, можно настроить цвет
По вариантам нанесения: можно сделать только шелкографию в 1 цвет"
3612,1289,1tadByKcZFWoLp05vV_TqaPslPdZVi-_ofiSBmF6_GR0,O27,0,27,Дизайн: из наличия
3613,1289,1tadByKcZFWoLp05vV_TqaPslPdZVi-_ofiSBmF6_GR0,O27,0,27,Дизайн: из наличия
3611,1289,1tadByKcZFWoLp05vV_TqaPslPdZVi-_ofiSBmF6_GR0,O27,0,27,Дизайн: из наличия
3618,1290,1tadByKcZFWoLp05vV_TqaPslPdZVi-_ofiSBmF6_GR0,O29,0,29,Дизайн: из наличия
3617,1290,1tadByKcZFWoLp05vV_TqaPslPdZVi-_ofiSBmF6_GR0,O29,0,29,Дизайн: из наличия
3626,1294,1tadByKcZFWoLp05vV_TqaPslPdZVi-_ofiSBmF6_GR0,O37,0,37,Дизайн: из наличия
3625,1294,1tadByKcZFWoLp05vV_TqaPslPdZVi-_ofiSBmF6_GR0,O37,0,37,Дизайн: из наличия
3624,1294,1tadByKcZFWoLp05vV_TqaPslPdZVi-_ofiSBmF6_GR0,O37,0,37,Дизайн: из наличия
3580,1274,1tadByKcZFWoLp05vV_TqaPslPdZVi-_ofiSBmF6_GR0,O4,0,4,"Дизайн: из наличия, нанесение лого (лазерная гравировка, шелкография или 3д печать)"
3582,1274,1tadByKcZFWoLp05vV_TqaPslPdZVi-_ofiSBmF6_GR0,O4,0,4,"Дизайн: из наличия, нанесение лого (лазерная гравировка, шелкография или 3д печать)"
3581,1274,1tadByKcZFWoLp05vV_TqaPslPdZVi-_ofiSBmF6_GR0,O4,0,4,"Дизайн: из наличия, нанесение лого (лазерная гравировка, шелкография или 3д печать)"
3634,1297,1tadByKcZFWoLp05vV_TqaPslPdZVi-_ofiSBmF6_GR0,O42,0,42,Дизайн: из наличия
3635,1297,1tadByKcZFWoLp05vV_TqaPslPdZVi-_ofiSBmF6_GR0,O42,0,42,Дизайн: из наличия
3638,1298,1tadByKcZFWoLp05vV_TqaPslPdZVi-_ofiSBmF6_GR0,O44,0,44,Дизайн: из наличия
3637,1298,1tadByKcZFWoLp05vV_TqaPslPdZVi-_ofiSBmF6_GR0,O44,0,44,Дизайн: из наличия
3639,1299,1tadByKcZFWoLp05vV_TqaPslPdZVi-_ofiSBmF6_GR0,O46,0,46,Дизайн: производство по макету
3648,1300,1tadByKcZFWoLp05vV_TqaPslPdZVi-_ofiSBmF6_GR0,O47,0,47,"Дизайн: из наличия, с подвеской"
3649,1300,1tadByKcZFWoLp05vV_TqaPslPdZVi-_ofiSBmF6_GR0,O47,0,47,"Дизайн: из наличия, с подвеской"
3642,1301,1tadByKcZFWoLp05vV_TqaPslPdZVi-_ofiSBmF6_GR0,O49,0,49,Дизайн: из наличия
3641,1301,1tadByKcZFWoLp05vV_TqaPslPdZVi-_ofiSBmF6_GR0,O49,0,49,Дизайн: из наличия
3640,1301,1tadByKcZFWoLp05vV_TqaPslPdZVi-_ofiSBmF6_GR0,O49,0,49,Дизайн: из наличия
3647,1302,1tadByKcZFWoLp05vV_TqaPslPdZVi-_ofiSBmF6_GR0,O51,0,51,Дизайн: производство по макету
3662,1303,1tadByKcZFWoLp05vV_TqaPslPdZVi-_ofiSBmF6_GR0,O52,0,52,Дизайн: из наличия
3661,1303,1tadByKcZFWoLp05vV_TqaPslPdZVi-_ofiSBmF6_GR0,O52,0,52,Дизайн: из наличия
3664,1304,1tadByKcZFWoLp05vV_TqaPslPdZVi-_ofiSBmF6_GR0,O54,0,54,Дизайн: производство по макету
3665,1305,1tadByKcZFWoLp05vV_TqaPslPdZVi-_ofiSBmF6_GR0,O55,0,55,Дизайн: из наличия
3666,1306,1tadByKcZFWoLp05vV_TqaPslPdZVi-_ofiSBmF6_GR0,O57,0,57,Дизайн: производство по макету
3654,1307,1tadByKcZFWoLp05vV_TqaPslPdZVi-_ofiSBmF6_GR0,O59,0,59,Дизайн: из наличия
3655,1307,1tadByKcZFWoLp05vV_TqaPslPdZVi-_ofiSBmF6_GR0,O59,0,59,Дизайн: из наличия
3587,1276,1tadByKcZFWoLp05vV_TqaPslPdZVi-_ofiSBmF6_GR0,O7,0,7,Дизайн: из наличия
3585,1276,1tadByKcZFWoLp05vV_TqaPslPdZVi-_ofiSBmF6_GR0,O7,0,7,Дизайн: из наличия
3586,1276,1tadByKcZFWoLp05vV_TqaPslPdZVi-_ofiSBmF6_GR0,O7,0,7,Дизайн: из наличия
3608,1288,1tadByKcZFWoLp05vV_TqaPslPdZVi-_ofiSBmF6_GR0,P25,0,25,"Дизайн: нанесение лого, можно настроить цвет
По вариантам нанесения: можно сделать только шелкографию в 1 цвет"
3614,1289,1tadByKcZFWoLp05vV_TqaPslPdZVi-_ofiSBmF6_GR0,P27,0,27,Дизайн: из наличия
3619,1290,1tadByKcZFWoLp05vV_TqaPslPdZVi-_ofiSBmF6_GR0,P29,0,29,Дизайн: из наличия
3627,1294,1tadByKcZFWoLp05vV_TqaPslPdZVi-_ofiSBmF6_GR0,P37,0,37,Дизайн: из наличия
3650,1300,1tadByKcZFWoLp05vV_TqaPslPdZVi-_ofiSBmF6_GR0,P47,0,47,"Дизайн: из наличия, с подвеской"
3663,1303,1tadByKcZFWoLp05vV_TqaPslPdZVi-_ofiSBmF6_GR0,P52,0,52,Дизайн: из наличия
3656,1307,1tadByKcZFWoLp05vV_TqaPslPdZVi-_ofiSBmF6_GR0,P59,0,59,Дизайн: из наличия
3588,1276,1tadByKcZFWoLp05vV_TqaPslPdZVi-_ofiSBmF6_GR0,P7,0,7,Дизайн: из наличия
3593,1278,1tadByKcZFWoLp05vV_TqaPslPdZVi-_ofiSBmF6_GR0,Q10,0,10,Дизайн: из наличия
3609,1288,1tadByKcZFWoLp05vV_TqaPslPdZVi-_ofiSBmF6_GR0,Q25,0,25,"Дизайн: нанесение лого, можно настроить цвет
По вариантам нанесения: можно сделать только шелкографию в 1 цвет"
3615,1289,1tadByKcZFWoLp05vV_TqaPslPdZVi-_ofiSBmF6_GR0,Q27,0,27,Дизайн: из наличия
3628,1294,1tadByKcZFWoLp05vV_TqaPslPdZVi-_ofiSBmF6_GR0,Q37,0,37,Дизайн: из наличия
3651,1300,1tadByKcZFWoLp05vV_TqaPslPdZVi-_ofiSBmF6_GR0,Q47,0,47,"Дизайн: из наличия, с подвеской"
3644,1301,1tadByKcZFWoLp05vV_TqaPslPdZVi-_ofiSBmF6_GR0,Q49,0,49,Дизайн: из наличия
3620,1290,1tadByKcZFWoLp05vV_TqaPslPdZVi-_ofiSBmF6_GR0,R29,0,29,Дизайн: из наличия
3629,1294,1tadByKcZFWoLp05vV_TqaPslPdZVi-_ofiSBmF6_GR0,R37,0,37,Дизайн: из наличия
3657,1307,1tadByKcZFWoLp05vV_TqaPslPdZVi-_ofiSBmF6_GR0,R59,0,59,Дизайн: из наличия
3630,1294,1tadByKcZFWoLp05vV_TqaPslPdZVi-_ofiSBmF6_GR0,S37,0,37,Дизайн: из наличия
3652,1300,1tadByKcZFWoLp05vV_TqaPslPdZVi-_ofiSBmF6_GR0,S47,0,47,"Дизайн: из наличия, с подвеской"
3645,1301,1tadByKcZFWoLp05vV_TqaPslPdZVi-_ofiSBmF6_GR0,S49,0,49,Дизайн: из наличия
3653,1300,1tadByKcZFWoLp05vV_TqaPslPdZVi-_ofiSBmF6_GR0,T47,0,47,"Дизайн: из наличия, с подвеской"
3658,1307,1tadByKcZFWoLp05vV_TqaPslPdZVi-_ofiSBmF6_GR0,T59,0,59,Дизайн: из наличия
3646,1301,1tadByKcZFWoLp05vV_TqaPslPdZVi-_ofiSBmF6_GR0,U49,0,49,Дизайн: из наличия
16194,5605,1tX3oVEA8U7MEqMWOyzSY8JzO9LY1nlhFCYPexG29uFw,O14,0,14,Дизайн:  лого 1 цвет
13380,4546,1uEUtanqhRtjqiXrDKkZCBOywi_VEioMQXerSkk5qt3o,X16,0,16,Плед 4 тип
15410,5306,1v36tSJmJ1U7--miH7xmLFFWzcdBh5sICMochi_8fVnk,A7,1,7,Конструктор электронный
32479,11640,1vLsg8MOvj8bqJDhHQnJ5T7kn0SdH2IpHkMFu1L82FuQ,A8,,,
32477,11640,1vLsg8MOvj8bqJDhHQnJ5T7kn0SdH2IpHkMFu1L82FuQ,L8,,,
32478,11640,1vLsg8MOvj8bqJDhHQnJ5T7kn0SdH2IpHkMFu1L82FuQ,L8,,,
14142,,1vvICu0ihHoVoHJobsM-qgI804w-oDXaMKv-UzDadyCY,A6,1,,
23192,7957,1wkkKaJZuHfnRdj792SQQtRa2ptSLjZa89yst42p8Gog,A24,1,24,Стаканы из керамики
20787,,1xFLAGDMsytAbc7jreMU09ydSfMwHi1r3Cyy9iOh5_A8,A1,1,,
20777,7184,1xFLAGDMsytAbc7jreMU09ydSfMwHi1r3Cyy9iOh5_A8,A4,1,4,Дизайн: сток
20783,7185,1xFLAGDMsytAbc7jreMU09ydSfMwHi1r3Cyy9iOh5_A8,A6,1,6,Дизайн: сток
20775,7186,1xFLAGDMsytAbc7jreMU09ydSfMwHi1r3Cyy9iOh5_A8,A8,1,8,Дизайн: сток
20779,7184,1xFLAGDMsytAbc7jreMU09ydSfMwHi1r3Cyy9iOh5_A8,O4,0,4,Дизайн: сток
20781,7184,1xFLAGDMsytAbc7jreMU09ydSfMwHi1r3Cyy9iOh5_A8,O4,0,4,Дизайн: сток
20778,7184,1xFLAGDMsytAbc7jreMU09ydSfMwHi1r3Cyy9iOh5_A8,O4,0,4,Дизайн: сток
20782,7184,1xFLAGDMsytAbc7jreMU09ydSfMwHi1r3Cyy9iOh5_A8,O4,0,4,Дизайн: сток
20780,7184,1xFLAGDMsytAbc7jreMU09ydSfMwHi1r3Cyy9iOh5_A8,O4,0,4,Дизайн: сток
20784,7185,1xFLAGDMsytAbc7jreMU09ydSfMwHi1r3Cyy9iOh5_A8,O6,0,6,Дизайн: сток
20785,7185,1xFLAGDMsytAbc7jreMU09ydSfMwHi1r3Cyy9iOh5_A8,O6,0,6,Дизайн: сток
20786,7185,1xFLAGDMsytAbc7jreMU09ydSfMwHi1r3Cyy9iOh5_A8,O6,0,6,Дизайн: сток
20776,7186,1xFLAGDMsytAbc7jreMU09ydSfMwHi1r3Cyy9iOh5_A8,O8,0,8,Дизайн: сток
15551,5357,1XoWBjjRIZWWJrUBcGdnd9s_VQcqYP6CsC1a2Il_w5TY,A16,1,16,Картхолдер
12327,4269,1xrBJjbl6ny-OvvmLArcO_QSSWsoDqPuBKv09kxzqtpE,N28,0,28,Кожаный органайзер для документов
19792,6838,1xymgp72XWfs5o9KjDT-P1QX-xk_Rszl2ebvT6EHDjDM,A112,1,112,Дизайн: печать цифровая 4+0
19761,6819,1xymgp72XWfs5o9KjDT-P1QX-xk_Rszl2ebvT6EHDjDM,A67,1,67,"Дизайн: по макету клиента,  с нанесением лого"
33507,11765,1ybflNuotytztP0NTCNiko6AkIUmX1R5OMiS6UcyxVa0,A7,,,
21544,7447,1YvpH2C5o3dO9Wil_hhJsOrO3WNVWSuLlCKT4z-3uqHQ,N10,0,10,маска для глаз аналог
9502,3327,1z4TbJLfnrpeHtSwOINoJklT2rBCsu86ruPY179oUfS4,O16,0,16,Стикерпак
14045,4800,1zl6zq-KFuY8fM8YHBD5dfvsKDAMM6u8qD8YvyIGr8dA,D4,0,4,Калькулятор
14046,4801,1zl6zq-KFuY8fM8YHBD5dfvsKDAMM6u8qD8YvyIGr8dA,D5,0,5,Калькулятор
14053,4802,1zl6zq-KFuY8fM8YHBD5dfvsKDAMM6u8qD8YvyIGr8dA,D6,0,6,Калькулятор
14054,4803,1zl6zq-KFuY8fM8YHBD5dfvsKDAMM6u8qD8YvyIGr8dA,D7,0,7,Калькулятор
14055,4804,1zl6zq-KFuY8fM8YHBD5dfvsKDAMM6u8qD8YvyIGr8dA,D8,0,8,Калькулятор
7076,,1ZnTrzfjlnGty8tz_AnvSfAxxr0RwhOeuNhTBEa3vln4,A1,1,,
