ID_Проекта,Название,ID_Товара,Товар,Строка,Тираж_CSV,Тираж_БД,Маршрут,Ошибка_x10,URL
197,[Просчет-РФ] Виктория Ципилева / подарки для пользователей Платинум в Тбанке 15-07-2025,118,Шнур для телефона с держателем,4,10000,100000,Доставка ЖД,ДА,https://docs.google.com/spreadsheets/d/1ch8w3sTkHZJKyBDQuMj_2cNtOzjnkMLfk0IrIAWqzoI
197,[Просчет-РФ] Виктория Ципилева / подарки для пользователей Платинум в Тбанке 15-07-2025,118,Шнур для телефона с держателем,4,10000,100000,Доставка АВИА,ДА,https://docs.google.com/spreadsheets/d/1ch8w3sTkHZJKyBDQuMj_2cNtOzjnkMLfk0IrIAWqzoI
197,[Просчет-РФ] Виктория Ципилева / подарки для пользователей Платинум в Тбанке 15-07-2025,118,Шнур для телефона с держателем,4,10000,200000,Доставка ЖД,НЕТ,https://docs.google.com/spreadsheets/d/1ch8w3sTkHZJKyBDQuMj_2cNtOzjnkMLfk0IrIAWqzoI
197,[Просчет-РФ] Виктория Ципилева / подарки для пользователей Платинум в Тбанке 15-07-2025,118,Шнур для телефона с держателем,4,10000,200000,Доставка АВИА,НЕТ,https://docs.google.com/spreadsheets/d/1ch8w3sTkHZJKyBDQuMj_2cNtOzjnkMLfk0IrIAWqzoI
197,[Просчет-РФ] Виктория Ципилева / подарки для пользователей Платинум в Тбанке 15-07-2025,119,Картхолдер с ремешком кожзам,6,10000,100000,Доставка ЖД,ДА,https://docs.google.com/spreadsheets/d/1ch8w3sTkHZJKyBDQuMj_2cNtOzjnkMLfk0IrIAWqzoI
197,[Просчет-РФ] Виктория Ципилева / подарки для пользователей Платинум в Тбанке 15-07-2025,119,Картхолдер с ремешком кожзам,6,10000,100000,Доставка АВИА,ДА,https://docs.google.com/spreadsheets/d/1ch8w3sTkHZJKyBDQuMj_2cNtOzjnkMLfk0IrIAWqzoI
197,[Просчет-РФ] Виктория Ципилева / подарки для пользователей Платинум в Тбанке 15-07-2025,119,Картхолдер с ремешком кожзам,6,10000,200000,Доставка ЖД,НЕТ,https://docs.google.com/spreadsheets/d/1ch8w3sTkHZJKyBDQuMj_2cNtOzjnkMLfk0IrIAWqzoI
197,[Просчет-РФ] Виктория Ципилева / подарки для пользователей Платинум в Тбанке 15-07-2025,119,Картхолдер с ремешком кожзам,6,10000,200000,Доставка АВИА,НЕТ,https://docs.google.com/spreadsheets/d/1ch8w3sTkHZJKyBDQuMj_2cNtOzjnkMLfk0IrIAWqzoI
197,[Просчет-РФ] Виктория Ципилева / подарки для пользователей Платинум в Тбанке 15-07-2025,120,Картхолдер с ремешком кожа,8,10000,100000,Доставка ЖД,ДА,https://docs.google.com/spreadsheets/d/1ch8w3sTkHZJKyBDQuMj_2cNtOzjnkMLfk0IrIAWqzoI
197,[Просчет-РФ] Виктория Ципилева / подарки для пользователей Платинум в Тбанке 15-07-2025,120,Картхолдер с ремешком кожа,8,10000,100000,Доставка АВИА,ДА,https://docs.google.com/spreadsheets/d/1ch8w3sTkHZJKyBDQuMj_2cNtOzjnkMLfk0IrIAWqzoI
197,[Просчет-РФ] Виктория Ципилева / подарки для пользователей Платинум в Тбанке 15-07-2025,120,Картхолдер с ремешком кожа,8,10000,200000,Доставка ЖД,НЕТ,https://docs.google.com/spreadsheets/d/1ch8w3sTkHZJKyBDQuMj_2cNtOzjnkMLfk0IrIAWqzoI
197,[Просчет-РФ] Виктория Ципилева / подарки для пользователей Платинум в Тбанке 15-07-2025,120,Картхолдер с ремешком кожа,8,10000,200000,Доставка АВИА,НЕТ,https://docs.google.com/spreadsheets/d/1ch8w3sTkHZJKyBDQuMj_2cNtOzjnkMLfk0IrIAWqzoI
197,[Просчет-РФ] Виктория Ципилева / подарки для пользователей Платинум в Тбанке 15-07-2025,121,Кожаный набор кожзам,10,10000,100000,Доставка ЖД,ДА,https://docs.google.com/spreadsheets/d/1ch8w3sTkHZJKyBDQuMj_2cNtOzjnkMLfk0IrIAWqzoI
197,[Просчет-РФ] Виктория Ципилева / подарки для пользователей Платинум в Тбанке 15-07-2025,121,Кожаный набор кожзам,10,10000,100000,Доставка АВИА,ДА,https://docs.google.com/spreadsheets/d/1ch8w3sTkHZJKyBDQuMj_2cNtOzjnkMLfk0IrIAWqzoI
197,[Просчет-РФ] Виктория Ципилева / подарки для пользователей Платинум в Тбанке 15-07-2025,121,Кожаный набор кожзам,10,10000,200000,Доставка ЖД,НЕТ,https://docs.google.com/spreadsheets/d/1ch8w3sTkHZJKyBDQuMj_2cNtOzjnkMLfk0IrIAWqzoI
197,[Просчет-РФ] Виктория Ципилева / подарки для пользователей Платинум в Тбанке 15-07-2025,121,Кожаный набор кожзам,10,10000,200000,Доставка АВИА,НЕТ,https://docs.google.com/spreadsheets/d/1ch8w3sTkHZJKyBDQuMj_2cNtOzjnkMLfk0IrIAWqzoI
197,[Просчет-РФ] Виктория Ципилева / подарки для пользователей Платинум в Тбанке 15-07-2025,122,Кожаный набор кожа,12,10000,100000,Доставка ЖД,ДА,https://docs.google.com/spreadsheets/d/1ch8w3sTkHZJKyBDQuMj_2cNtOzjnkMLfk0IrIAWqzoI
197,[Просчет-РФ] Виктория Ципилева / подарки для пользователей Платинум в Тбанке 15-07-2025,122,Кожаный набор кожа,12,10000,100000,Доставка АВИА,ДА,https://docs.google.com/spreadsheets/d/1ch8w3sTkHZJKyBDQuMj_2cNtOzjnkMLfk0IrIAWqzoI
197,[Просчет-РФ] Виктория Ципилева / подарки для пользователей Платинум в Тбанке 15-07-2025,122,Кожаный набор кожа,12,10000,200000,Доставка ЖД,НЕТ,https://docs.google.com/spreadsheets/d/1ch8w3sTkHZJKyBDQuMj_2cNtOzjnkMLfk0IrIAWqzoI
197,[Просчет-РФ] Виктория Ципилева / подарки для пользователей Платинум в Тбанке 15-07-2025,122,Кожаный набор кожа,12,10000,200000,Доставка АВИА,НЕТ,https://docs.google.com/spreadsheets/d/1ch8w3sTkHZJKyBDQuMj_2cNtOzjnkMLfk0IrIAWqzoI
197,[Просчет-РФ] Виктория Ципилева / подарки для пользователей Платинум в Тбанке 15-07-2025,123,Очечник кожзам,14,10000,100000,Доставка ЖД,ДА,https://docs.google.com/spreadsheets/d/1ch8w3sTkHZJKyBDQuMj_2cNtOzjnkMLfk0IrIAWqzoI
197,[Просчет-РФ] Виктория Ципилева / подарки для пользователей Платинум в Тбанке 15-07-2025,123,Очечник кожзам,14,10000,100000,Доставка АВИА,ДА,https://docs.google.com/spreadsheets/d/1ch8w3sTkHZJKyBDQuMj_2cNtOzjnkMLfk0IrIAWqzoI
197,[Просчет-РФ] Виктория Ципилева / подарки для пользователей Платинум в Тбанке 15-07-2025,123,Очечник кожзам,14,10000,200000,Доставка ЖД,НЕТ,https://docs.google.com/spreadsheets/d/1ch8w3sTkHZJKyBDQuMj_2cNtOzjnkMLfk0IrIAWqzoI
197,[Просчет-РФ] Виктория Ципилева / подарки для пользователей Платинум в Тбанке 15-07-2025,123,Очечник кожзам,14,10000,200000,Доставка АВИА,НЕТ,https://docs.google.com/spreadsheets/d/1ch8w3sTkHZJKyBDQuMj_2cNtOzjnkMLfk0IrIAWqzoI
197,[Просчет-РФ] Виктория Ципилева / подарки для пользователей Платинум в Тбанке 15-07-2025,124,Очечник кожа,16,10000,100000,Доставка ЖД,ДА,https://docs.google.com/spreadsheets/d/1ch8w3sTkHZJKyBDQuMj_2cNtOzjnkMLfk0IrIAWqzoI
197,[Просчет-РФ] Виктория Ципилева / подарки для пользователей Платинум в Тбанке 15-07-2025,124,Очечник кожа,16,10000,100000,Доставка АВИА,ДА,https://docs.google.com/spreadsheets/d/1ch8w3sTkHZJKyBDQuMj_2cNtOzjnkMLfk0IrIAWqzoI
197,[Просчет-РФ] Виктория Ципилева / подарки для пользователей Платинум в Тбанке 15-07-2025,124,Очечник кожа,16,10000,200000,Доставка ЖД,НЕТ,https://docs.google.com/spreadsheets/d/1ch8w3sTkHZJKyBDQuMj_2cNtOzjnkMLfk0IrIAWqzoI
197,[Просчет-РФ] Виктория Ципилева / подарки для пользователей Платинум в Тбанке 15-07-2025,124,Очечник кожа,16,10000,200000,Доставка АВИА,НЕТ,https://docs.google.com/spreadsheets/d/1ch8w3sTkHZJKyBDQuMj_2cNtOzjnkMLfk0IrIAWqzoI
197,[Просчет-РФ] Виктория Ципилева / подарки для пользователей Платинум в Тбанке 15-07-2025,125,Чехол для ноутбука кожзам,18,10000,100000,Доставка ЖД,ДА,https://docs.google.com/spreadsheets/d/1ch8w3sTkHZJKyBDQuMj_2cNtOzjnkMLfk0IrIAWqzoI
197,[Просчет-РФ] Виктория Ципилева / подарки для пользователей Платинум в Тбанке 15-07-2025,125,Чехол для ноутбука кожзам,18,10000,100000,Доставка АВИА,ДА,https://docs.google.com/spreadsheets/d/1ch8w3sTkHZJKyBDQuMj_2cNtOzjnkMLfk0IrIAWqzoI
197,[Просчет-РФ] Виктория Ципилева / подарки для пользователей Платинум в Тбанке 15-07-2025,125,Чехол для ноутбука кожзам,18,10000,200000,Доставка ЖД,НЕТ,https://docs.google.com/spreadsheets/d/1ch8w3sTkHZJKyBDQuMj_2cNtOzjnkMLfk0IrIAWqzoI
197,[Просчет-РФ] Виктория Ципилева / подарки для пользователей Платинум в Тбанке 15-07-2025,125,Чехол для ноутбука кожзам,18,10000,200000,Доставка АВИА,НЕТ,https://docs.google.com/spreadsheets/d/1ch8w3sTkHZJKyBDQuMj_2cNtOzjnkMLfk0IrIAWqzoI
197,[Просчет-РФ] Виктория Ципилева / подарки для пользователей Платинум в Тбанке 15-07-2025,126,Чехол для ноутбука кожа,20,10000,100000,Доставка ЖД,ДА,https://docs.google.com/spreadsheets/d/1ch8w3sTkHZJKyBDQuMj_2cNtOzjnkMLfk0IrIAWqzoI
197,[Просчет-РФ] Виктория Ципилева / подарки для пользователей Платинум в Тбанке 15-07-2025,126,Чехол для ноутбука кожа,20,10000,100000,Доставка АВИА,ДА,https://docs.google.com/spreadsheets/d/1ch8w3sTkHZJKyBDQuMj_2cNtOzjnkMLfk0IrIAWqzoI
197,[Просчет-РФ] Виктория Ципилева / подарки для пользователей Платинум в Тбанке 15-07-2025,126,Чехол для ноутбука кожа,20,10000,200000,Доставка ЖД,НЕТ,https://docs.google.com/spreadsheets/d/1ch8w3sTkHZJKyBDQuMj_2cNtOzjnkMLfk0IrIAWqzoI
197,[Просчет-РФ] Виктория Ципилева / подарки для пользователей Платинум в Тбанке 15-07-2025,126,Чехол для ноутбука кожа,20,10000,200000,Доставка АВИА,НЕТ,https://docs.google.com/spreadsheets/d/1ch8w3sTkHZJKyBDQuMj_2cNtOzjnkMLfk0IrIAWqzoI
155,"[Просчет] ООО ""ХЭДКОРН"" / Держатель Яндекс 24-07-2025",47,Держатель (основание + магниты),4,15300,153000,Доставка ЖД,ДА,https://docs.google.com/spreadsheets/d/1qFaJHqXdQsjPyrp-s9RCGapWV-uodSPJr_7NhYNkxu4
155,"[Просчет] ООО ""ХЭДКОРН"" / Держатель Яндекс 24-07-2025",47,Держатель (основание + магниты),4,15300,153000,Доставка АВИА,ДА,https://docs.google.com/spreadsheets/d/1qFaJHqXdQsjPyrp-s9RCGapWV-uodSPJr_7NhYNkxu4
155,"[Просчет] ООО ""ХЭДКОРН"" / Держатель Яндекс 24-07-2025",47,Держатель (основание + магниты),4,15300,12000,Доставка ЖД,НЕТ,https://docs.google.com/spreadsheets/d/1qFaJHqXdQsjPyrp-s9RCGapWV-uodSPJr_7NhYNkxu4
155,"[Просчет] ООО ""ХЭДКОРН"" / Держатель Яндекс 24-07-2025",47,Держатель (основание + магниты),4,15300,12000,Доставка АВИА,НЕТ,https://docs.google.com/spreadsheets/d/1qFaJHqXdQsjPyrp-s9RCGapWV-uodSPJr_7NhYNkxu4
155,"[Просчет] ООО ""ХЭДКОРН"" / Держатель Яндекс 24-07-2025",48,Держатель (только основание),6,15300,153000,Доставка ЖД,ДА,https://docs.google.com/spreadsheets/d/1qFaJHqXdQsjPyrp-s9RCGapWV-uodSPJr_7NhYNkxu4
155,"[Просчет] ООО ""ХЭДКОРН"" / Держатель Яндекс 24-07-2025",48,Держатель (только основание),6,15300,153000,Доставка АВИА,ДА,https://docs.google.com/spreadsheets/d/1qFaJHqXdQsjPyrp-s9RCGapWV-uodSPJr_7NhYNkxu4
155,"[Просчет] ООО ""ХЭДКОРН"" / Держатель Яндекс 24-07-2025",48,Держатель (только основание),6,15300,12000,Доставка ЖД,НЕТ,https://docs.google.com/spreadsheets/d/1qFaJHqXdQsjPyrp-s9RCGapWV-uodSPJr_7NhYNkxu4
155,"[Просчет] ООО ""ХЭДКОРН"" / Держатель Яндекс 24-07-2025",48,Держатель (только основание),6,15300,12000,Доставка АВИА,НЕТ,https://docs.google.com/spreadsheets/d/1qFaJHqXdQsjPyrp-s9RCGapWV-uodSPJr_7NhYNkxu4
155,"[Просчет] ООО ""ХЭДКОРН"" / Держатель Яндекс 24-07-2025",49,Держатель (только магниты),8,15300,153000,Доставка ЖД,ДА,https://docs.google.com/spreadsheets/d/1qFaJHqXdQsjPyrp-s9RCGapWV-uodSPJr_7NhYNkxu4
155,"[Просчет] ООО ""ХЭДКОРН"" / Держатель Яндекс 24-07-2025",49,Держатель (только магниты),8,15300,153000,Доставка АВИА,ДА,https://docs.google.com/spreadsheets/d/1qFaJHqXdQsjPyrp-s9RCGapWV-uodSPJr_7NhYNkxu4
155,"[Просчет] ООО ""ХЭДКОРН"" / Держатель Яндекс 24-07-2025",49,Держатель (только магниты),8,15300,12000,Доставка ЖД,НЕТ,https://docs.google.com/spreadsheets/d/1qFaJHqXdQsjPyrp-s9RCGapWV-uodSPJr_7NhYNkxu4
155,"[Просчет] ООО ""ХЭДКОРН"" / Держатель Яндекс 24-07-2025",49,Держатель (только магниты),8,15300,12000,Доставка АВИА,НЕТ,https://docs.google.com/spreadsheets/d/1qFaJHqXdQsjPyrp-s9RCGapWV-uodSPJr_7NhYNkxu4
155,"[Просчет] ООО ""ХЭДКОРН"" / Держатель Яндекс 24-07-2025",50,Пенал с резинкой-фиксатором,10,15300,153000,Доставка ЖД,ДА,https://docs.google.com/spreadsheets/d/1qFaJHqXdQsjPyrp-s9RCGapWV-uodSPJr_7NhYNkxu4
155,"[Просчет] ООО ""ХЭДКОРН"" / Держатель Яндекс 24-07-2025",50,Пенал с резинкой-фиксатором,10,15300,153000,Доставка АВИА,ДА,https://docs.google.com/spreadsheets/d/1qFaJHqXdQsjPyrp-s9RCGapWV-uodSPJr_7NhYNkxu4
155,"[Просчет] ООО ""ХЭДКОРН"" / Держатель Яндекс 24-07-2025",50,Пенал с резинкой-фиксатором,10,15300,12000,Доставка ЖД,НЕТ,https://docs.google.com/spreadsheets/d/1qFaJHqXdQsjPyrp-s9RCGapWV-uodSPJr_7NhYNkxu4
155,"[Просчет] ООО ""ХЭДКОРН"" / Держатель Яндекс 24-07-2025",50,Пенал с резинкой-фиксатором,10,15300,12000,Доставка АВИА,НЕТ,https://docs.google.com/spreadsheets/d/1qFaJHqXdQsjPyrp-s9RCGapWV-uodSPJr_7NhYNkxu4
155,"[Просчет] ООО ""ХЭДКОРН"" / Держатель Яндекс 24-07-2025",51,Пакет 30*30 см,12,15300,153000,Доставка ЖД,ДА,https://docs.google.com/spreadsheets/d/1qFaJHqXdQsjPyrp-s9RCGapWV-uodSPJr_7NhYNkxu4
155,"[Просчет] ООО ""ХЭДКОРН"" / Держатель Яндекс 24-07-2025",51,Пакет 30*30 см,12,15300,153000,Доставка АВИА,ДА,https://docs.google.com/spreadsheets/d/1qFaJHqXdQsjPyrp-s9RCGapWV-uodSPJr_7NhYNkxu4
155,"[Просчет] ООО ""ХЭДКОРН"" / Держатель Яндекс 24-07-2025",51,Пакет 30*30 см,12,15300,12000,Доставка ЖД,НЕТ,https://docs.google.com/spreadsheets/d/1qFaJHqXdQsjPyrp-s9RCGapWV-uodSPJr_7NhYNkxu4
155,"[Просчет] ООО ""ХЭДКОРН"" / Держатель Яндекс 24-07-2025",51,Пакет 30*30 см,12,15300,12000,Доставка АВИА,НЕТ,https://docs.google.com/spreadsheets/d/1qFaJHqXdQsjPyrp-s9RCGapWV-uodSPJr_7NhYNkxu4
155,"[Просчет] ООО ""ХЭДКОРН"" / Держатель Яндекс 24-07-2025",52,Пакет 30*40 см,14,15300,153000,Доставка ЖД,ДА,https://docs.google.com/spreadsheets/d/1qFaJHqXdQsjPyrp-s9RCGapWV-uodSPJr_7NhYNkxu4
155,"[Просчет] ООО ""ХЭДКОРН"" / Держатель Яндекс 24-07-2025",52,Пакет 30*40 см,14,15300,153000,Доставка АВИА,ДА,https://docs.google.com/spreadsheets/d/1qFaJHqXdQsjPyrp-s9RCGapWV-uodSPJr_7NhYNkxu4
155,"[Просчет] ООО ""ХЭДКОРН"" / Держатель Яндекс 24-07-2025",52,Пакет 30*40 см,14,15300,12000,Доставка ЖД,НЕТ,https://docs.google.com/spreadsheets/d/1qFaJHqXdQsjPyrp-s9RCGapWV-uodSPJr_7NhYNkxu4
155,"[Просчет] ООО ""ХЭДКОРН"" / Держатель Яндекс 24-07-2025",52,Пакет 30*40 см,14,15300,12000,Доставка АВИА,НЕТ,https://docs.google.com/spreadsheets/d/1qFaJHqXdQsjPyrp-s9RCGapWV-uodSPJr_7NhYNkxu4
155,"[Просчет] ООО ""ХЭДКОРН"" / Держатель Яндекс 24-07-2025",53,"Набор (держатель основание + магниты, коробка + резинка, пакет 30*40)",16,15300,153000,Доставка ЖД,ДА,https://docs.google.com/spreadsheets/d/1qFaJHqXdQsjPyrp-s9RCGapWV-uodSPJr_7NhYNkxu4
155,"[Просчет] ООО ""ХЭДКОРН"" / Держатель Яндекс 24-07-2025",53,"Набор (держатель основание + магниты, коробка + резинка, пакет 30*40)",16,15300,153000,Доставка АВИА,ДА,https://docs.google.com/spreadsheets/d/1qFaJHqXdQsjPyrp-s9RCGapWV-uodSPJr_7NhYNkxu4
155,"[Просчет] ООО ""ХЭДКОРН"" / Держатель Яндекс 24-07-2025",53,"Набор (держатель основание + магниты, коробка + резинка, пакет 30*40)",16,15300,12000,Доставка ЖД,НЕТ,https://docs.google.com/spreadsheets/d/1qFaJHqXdQsjPyrp-s9RCGapWV-uodSPJr_7NhYNkxu4
155,"[Просчет] ООО ""ХЭДКОРН"" / Держатель Яндекс 24-07-2025",53,"Набор (держатель основание + магниты, коробка + резинка, пакет 30*40)",16,15300,12000,Доставка АВИА,НЕТ,https://docs.google.com/spreadsheets/d/1qFaJHqXdQsjPyrp-s9RCGapWV-uodSPJr_7NhYNkxu4
155,"[Просчет] ООО ""ХЭДКОРН"" / Держатель Яндекс 24-07-2025",54,Пенал,18,15300,153000,Доставка ЖД,ДА,https://docs.google.com/spreadsheets/d/1qFaJHqXdQsjPyrp-s9RCGapWV-uodSPJr_7NhYNkxu4
155,"[Просчет] ООО ""ХЭДКОРН"" / Держатель Яндекс 24-07-2025",54,Пенал,18,15300,153000,Доставка АВИА,ДА,https://docs.google.com/spreadsheets/d/1qFaJHqXdQsjPyrp-s9RCGapWV-uodSPJr_7NhYNkxu4
155,"[Просчет] ООО ""ХЭДКОРН"" / Держатель Яндекс 24-07-2025",54,Пенал,18,15300,12000,Доставка ЖД,НЕТ,https://docs.google.com/spreadsheets/d/1qFaJHqXdQsjPyrp-s9RCGapWV-uodSPJr_7NhYNkxu4
155,"[Просчет] ООО ""ХЭДКОРН"" / Держатель Яндекс 24-07-2025",54,Пенал,18,15300,12000,Доставка АВИА,НЕТ,https://docs.google.com/spreadsheets/d/1qFaJHqXdQsjPyrp-s9RCGapWV-uodSPJr_7NhYNkxu4
155,"[Просчет] ООО ""ХЭДКОРН"" / Держатель Яндекс 24-07-2025",55,Резинка фиксатор,20,16500,165000,Доставка ЖД,ДА,https://docs.google.com/spreadsheets/d/1qFaJHqXdQsjPyrp-s9RCGapWV-uodSPJr_7NhYNkxu4
155,"[Просчет] ООО ""ХЭДКОРН"" / Держатель Яндекс 24-07-2025",55,Резинка фиксатор,20,16500,165000,Доставка АВИА,ДА,https://docs.google.com/spreadsheets/d/1qFaJHqXdQsjPyrp-s9RCGapWV-uodSPJr_7NhYNkxu4
204,"[Просчет] Елизавета Постных Иллан / Расчет (Универсальная позиция)_Шары, адвент_1000_Билайн_КГИ_ММ 14-07-2025",135,Шар 3д пинетр,4,1000,10000,Доставка ЖД,ДА,https://docs.google.com/spreadsheets/d/1GE4icDx_vW0QMP1kFprkoOccKxBxsgMvlCft7j-FSIw
204,"[Просчет] Елизавета Постных Иллан / Расчет (Универсальная позиция)_Шары, адвент_1000_Билайн_КГИ_ММ 14-07-2025",135,Шар 3д пинетр,4,1000,10000,Доставка АВИА,ДА,https://docs.google.com/spreadsheets/d/1GE4icDx_vW0QMP1kFprkoOccKxBxsgMvlCft7j-FSIw
204,"[Просчет] Елизавета Постных Иллан / Расчет (Универсальная позиция)_Шары, адвент_1000_Билайн_КГИ_ММ 14-07-2025",136,Шар вязаный,5,1000,10000,Доставка ЖД,ДА,https://docs.google.com/spreadsheets/d/1GE4icDx_vW0QMP1kFprkoOccKxBxsgMvlCft7j-FSIw
204,"[Просчет] Елизавета Постных Иллан / Расчет (Универсальная позиция)_Шары, адвент_1000_Билайн_КГИ_ММ 14-07-2025",136,Шар вязаный,5,1000,10000,Доставка АВИА,ДА,https://docs.google.com/spreadsheets/d/1GE4icDx_vW0QMP1kFprkoOccKxBxsgMvlCft7j-FSIw
204,"[Просчет] Елизавета Постных Иллан / Расчет (Универсальная позиция)_Шары, адвент_1000_Билайн_КГИ_ММ 14-07-2025",137,"Шар стеклянный, это выдувается стекляный шар или это просто обточенное стекло?",6,1000,10000,Доставка ЖД,ДА,https://docs.google.com/spreadsheets/d/1GE4icDx_vW0QMP1kFprkoOccKxBxsgMvlCft7j-FSIw
204,"[Просчет] Елизавета Постных Иллан / Расчет (Универсальная позиция)_Шары, адвент_1000_Билайн_КГИ_ММ 14-07-2025",137,"Шар стеклянный, это выдувается стекляный шар или это просто обточенное стекло?",6,1000,10000,Доставка АВИА,ДА,https://docs.google.com/spreadsheets/d/1GE4icDx_vW0QMP1kFprkoOccKxBxsgMvlCft7j-FSIw
204,"[Просчет] Елизавета Постных Иллан / Расчет (Универсальная позиция)_Шары, адвент_1000_Билайн_КГИ_ММ 14-07-2025",138,Шар стекло 2,7,1000,10000,Доставка ЖД,ДА,https://docs.google.com/spreadsheets/d/1GE4icDx_vW0QMP1kFprkoOccKxBxsgMvlCft7j-FSIw
204,"[Просчет] Елизавета Постных Иллан / Расчет (Универсальная позиция)_Шары, адвент_1000_Билайн_КГИ_ММ 14-07-2025",138,Шар стекло 2,7,1000,10000,Доставка АВИА,ДА,https://docs.google.com/spreadsheets/d/1GE4icDx_vW0QMP1kFprkoOccKxBxsgMvlCft7j-FSIw
204,"[Просчет] Елизавета Постных Иллан / Расчет (Универсальная позиция)_Шары, адвент_1000_Билайн_КГИ_ММ 14-07-2025",139,Аналог из металла,8,1000,10000,Доставка ЖД,ДА,https://docs.google.com/spreadsheets/d/1GE4icDx_vW0QMP1kFprkoOccKxBxsgMvlCft7j-FSIw
204,"[Просчет] Елизавета Постных Иллан / Расчет (Универсальная позиция)_Шары, адвент_1000_Билайн_КГИ_ММ 14-07-2025",139,Аналог из металла,8,1000,10000,Доставка АВИА,ДА,https://docs.google.com/spreadsheets/d/1GE4icDx_vW0QMP1kFprkoOccKxBxsgMvlCft7j-FSIw
204,"[Просчет] Елизавета Постных Иллан / Расчет (Универсальная позиция)_Шары, адвент_1000_Билайн_КГИ_ММ 14-07-2025",140,Аналог (цвета билайна),9,1000,10000,Доставка ЖД,ДА,https://docs.google.com/spreadsheets/d/1GE4icDx_vW0QMP1kFprkoOccKxBxsgMvlCft7j-FSIw
204,"[Просчет] Елизавета Постных Иллан / Расчет (Универсальная позиция)_Шары, адвент_1000_Билайн_КГИ_ММ 14-07-2025",140,Аналог (цвета билайна),9,1000,10000,Доставка АВИА,ДА,https://docs.google.com/spreadsheets/d/1GE4icDx_vW0QMP1kFprkoOccKxBxsgMvlCft7j-FSIw
204,"[Просчет] Елизавета Постных Иллан / Расчет (Универсальная позиция)_Шары, адвент_1000_Билайн_КГИ_ММ 14-07-2025",141,Вязаный шарик,10,1000,10000,Доставка ЖД,ДА,https://docs.google.com/spreadsheets/d/1GE4icDx_vW0QMP1kFprkoOccKxBxsgMvlCft7j-FSIw
204,"[Просчет] Елизавета Постных Иллан / Расчет (Универсальная позиция)_Шары, адвент_1000_Билайн_КГИ_ММ 14-07-2025",141,Вязаный шарик,10,1000,10000,Доставка АВИА,ДА,https://docs.google.com/spreadsheets/d/1GE4icDx_vW0QMP1kFprkoOccKxBxsgMvlCft7j-FSIw
204,"[Просчет] Елизавета Постных Иллан / Расчет (Универсальная позиция)_Шары, адвент_1000_Билайн_КГИ_ММ 14-07-2025",142,Вязаный шарик,11,1000,10000,Доставка ЖД,ДА,https://docs.google.com/spreadsheets/d/1GE4icDx_vW0QMP1kFprkoOccKxBxsgMvlCft7j-FSIw
204,"[Просчет] Елизавета Постных Иллан / Расчет (Универсальная позиция)_Шары, адвент_1000_Билайн_КГИ_ММ 14-07-2025",142,Вязаный шарик,11,1000,10000,Доставка АВИА,ДА,https://docs.google.com/spreadsheets/d/1GE4icDx_vW0QMP1kFprkoOccKxBxsgMvlCft7j-FSIw
164,[Просчет] Ольга Стародубцева Иллан / тапочки/антистресс/плед-пончо/очки_100-300_ОТП Банк_КГИ_ММ 22-07-2025,64,Антистресс,4,100,1000,Доставка АВИА,ДА,https://docs.google.com/spreadsheets/d/1xR59uoEzwexLor3GiM83f2SWw5ltOWorhEG1MCLd40M
164,[Просчет] Ольга Стародубцева Иллан / тапочки/антистресс/плед-пончо/очки_100-300_ОТП Банк_КГИ_ММ 22-07-2025,64,Антистресс,4,100,3000,Доставка ЖД,НЕТ,https://docs.google.com/spreadsheets/d/1xR59uoEzwexLor3GiM83f2SWw5ltOWorhEG1MCLd40M
164,[Просчет] Ольга Стародубцева Иллан / тапочки/антистресс/плед-пончо/очки_100-300_ОТП Банк_КГИ_ММ 22-07-2025,64,Антистресс,4,100,3000,Доставка АВИА,НЕТ,https://docs.google.com/spreadsheets/d/1xR59uoEzwexLor3GiM83f2SWw5ltOWorhEG1MCLd40M
164,[Просчет] Ольга Стародубцева Иллан / тапочки/антистресс/плед-пончо/очки_100-300_ОТП Банк_КГИ_ММ 22-07-2025,65,Очки горнолыжные,6,100,1000,Доставка ЖД,ДА,https://docs.google.com/spreadsheets/d/1xR59uoEzwexLor3GiM83f2SWw5ltOWorhEG1MCLd40M
164,[Просчет] Ольга Стародубцева Иллан / тапочки/антистресс/плед-пончо/очки_100-300_ОТП Банк_КГИ_ММ 22-07-2025,65,Очки горнолыжные,6,100,1000,Доставка АВИА,ДА,https://docs.google.com/spreadsheets/d/1xR59uoEzwexLor3GiM83f2SWw5ltOWorhEG1MCLd40M
164,[Просчет] Ольга Стародубцева Иллан / тапочки/антистресс/плед-пончо/очки_100-300_ОТП Банк_КГИ_ММ 22-07-2025,65,Очки горнолыжные,6,100,300,Доставка ЖД,НЕТ,https://docs.google.com/spreadsheets/d/1xR59uoEzwexLor3GiM83f2SWw5ltOWorhEG1MCLd40M
164,[Просчет] Ольга Стародубцева Иллан / тапочки/антистресс/плед-пончо/очки_100-300_ОТП Банк_КГИ_ММ 22-07-2025,65,Очки горнолыжные,6,100,300,Доставка АВИА,НЕТ,https://docs.google.com/spreadsheets/d/1xR59uoEzwexLor3GiM83f2SWw5ltOWorhEG1MCLd40M
164,[Просчет] Ольга Стародубцева Иллан / тапочки/антистресс/плед-пончо/очки_100-300_ОТП Банк_КГИ_ММ 22-07-2025,66,Тапочки шерпа,8,100,1000,Доставка ЖД,ДА,https://docs.google.com/spreadsheets/d/1xR59uoEzwexLor3GiM83f2SWw5ltOWorhEG1MCLd40M
164,[Просчет] Ольга Стародубцева Иллан / тапочки/антистресс/плед-пончо/очки_100-300_ОТП Банк_КГИ_ММ 22-07-2025,66,Тапочки шерпа,8,100,1000,Доставка АВИА,ДА,https://docs.google.com/spreadsheets/d/1xR59uoEzwexLor3GiM83f2SWw5ltOWorhEG1MCLd40M
164,[Просчет] Ольга Стародубцева Иллан / тапочки/антистресс/плед-пончо/очки_100-300_ОТП Банк_КГИ_ММ 22-07-2025,66,Тапочки шерпа,8,100,3000,Доставка ЖД,НЕТ,https://docs.google.com/spreadsheets/d/1xR59uoEzwexLor3GiM83f2SWw5ltOWorhEG1MCLd40M
164,[Просчет] Ольга Стародубцева Иллан / тапочки/антистресс/плед-пончо/очки_100-300_ОТП Банк_КГИ_ММ 22-07-2025,66,Тапочки шерпа,8,100,3000,Доставка АВИА,НЕТ,https://docs.google.com/spreadsheets/d/1xR59uoEzwexLor3GiM83f2SWw5ltOWorhEG1MCLd40M
164,[Просчет] Ольга Стародубцева Иллан / тапочки/антистресс/плед-пончо/очки_100-300_ОТП Банк_КГИ_ММ 22-07-2025,67,Плед-пончо,11,300,3000,Доставка ЖД,ДА,https://docs.google.com/spreadsheets/d/1xR59uoEzwexLor3GiM83f2SWw5ltOWorhEG1MCLd40M
164,[Просчет] Ольга Стародубцева Иллан / тапочки/антистресс/плед-пончо/очки_100-300_ОТП Банк_КГИ_ММ 22-07-2025,67,Плед-пончо,11,300,3000,Доставка АВИА,ДА,https://docs.google.com/spreadsheets/d/1xR59uoEzwexLor3GiM83f2SWw5ltOWorhEG1MCLd40M
164,[Просчет] Ольга Стародубцева Иллан / тапочки/антистресс/плед-пончо/очки_100-300_ОТП Банк_КГИ_ММ 22-07-2025,67,Плед-пончо,11,300,600,Доставка ЖД,НЕТ,https://docs.google.com/spreadsheets/d/1xR59uoEzwexLor3GiM83f2SWw5ltOWorhEG1MCLd40M
164,[Просчет] Ольга Стародубцева Иллан / тапочки/антистресс/плед-пончо/очки_100-300_ОТП Банк_КГИ_ММ 22-07-2025,67,Плед-пончо,11,300,600,Доставка АВИА,НЕТ,https://docs.google.com/spreadsheets/d/1xR59uoEzwexLor3GiM83f2SWw5ltOWorhEG1MCLd40M
164,[Просчет] Ольга Стародубцева Иллан / тапочки/антистресс/плед-пончо/очки_100-300_ОТП Банк_КГИ_ММ 22-07-2025,68,тапочки,13,500,5000,Доставка ЖД,ДА,https://docs.google.com/spreadsheets/d/1xR59uoEzwexLor3GiM83f2SWw5ltOWorhEG1MCLd40M
164,[Просчет] Ольга Стародубцева Иллан / тапочки/антистресс/плед-пончо/очки_100-300_ОТП Банк_КГИ_ММ 22-07-2025,68,тапочки,13,500,5000,Доставка АВИА,ДА,https://docs.google.com/spreadsheets/d/1xR59uoEzwexLor3GiM83f2SWw5ltOWorhEG1MCLd40M
164,[Просчет] Ольга Стародубцева Иллан / тапочки/антистресс/плед-пончо/очки_100-300_ОТП Банк_КГИ_ММ 22-07-2025,69,тапочки,14,500,5000,Доставка ЖД,ДА,https://docs.google.com/spreadsheets/d/1xR59uoEzwexLor3GiM83f2SWw5ltOWorhEG1MCLd40M
164,[Просчет] Ольга Стародубцева Иллан / тапочки/антистресс/плед-пончо/очки_100-300_ОТП Банк_КГИ_ММ 22-07-2025,69,тапочки,14,500,5000,Доставка АВИА,ДА,https://docs.google.com/spreadsheets/d/1xR59uoEzwexLor3GiM83f2SWw5ltOWorhEG1MCLd40M
164,[Просчет] Ольга Стародубцева Иллан / тапочки/антистресс/плед-пончо/очки_100-300_ОТП Банк_КГИ_ММ 22-07-2025,72,Антистресс,33,500,5000,Доставка ЖД,ДА,https://docs.google.com/spreadsheets/d/1xR59uoEzwexLor3GiM83f2SWw5ltOWorhEG1MCLd40M
164,[Просчет] Ольга Стародубцева Иллан / тапочки/антистресс/плед-пончо/очки_100-300_ОТП Банк_КГИ_ММ 22-07-2025,72,Антистресс,33,500,5000,Доставка АВИА,ДА,https://docs.google.com/spreadsheets/d/1xR59uoEzwexLor3GiM83f2SWw5ltOWorhEG1MCLd40M
164,[Просчет] Ольга Стародубцева Иллан / тапочки/антистресс/плед-пончо/очки_100-300_ОТП Банк_КГИ_ММ 22-07-2025,73,Антистресс,35,650,6500,Доставка ЖД,ДА,https://docs.google.com/spreadsheets/d/1xR59uoEzwexLor3GiM83f2SWw5ltOWorhEG1MCLd40M
164,[Просчет] Ольга Стародубцева Иллан / тапочки/антистресс/плед-пончо/очки_100-300_ОТП Банк_КГИ_ММ 22-07-2025,73,Антистресс,35,650,6500,Доставка АВИА,ДА,https://docs.google.com/spreadsheets/d/1xR59uoEzwexLor3GiM83f2SWw5ltOWorhEG1MCLd40M
304,"[Просчет] ООО ""КГИ"" / Бутылки и Пеналы 12-08-2025",319,Дизайн: лого,4,1000,10000,Доставка ЖД,ДА,https://docs.google.com/spreadsheets/d/1zE-6RzipAWtxL1j2BUB510QN9krjTH0GMmo_a7P3UFY
304,"[Просчет] ООО ""КГИ"" / Бутылки и Пеналы 12-08-2025",319,Дизайн: лого,4,1000,10000,Доставка АВИА,ДА,https://docs.google.com/spreadsheets/d/1zE-6RzipAWtxL1j2BUB510QN9krjTH0GMmo_a7P3UFY
304,"[Просчет] ООО ""КГИ"" / Бутылки и Пеналы 12-08-2025",320,Дизайн: лого,5,500,5000,Доставка ЖД,ДА,https://docs.google.com/spreadsheets/d/1zE-6RzipAWtxL1j2BUB510QN9krjTH0GMmo_a7P3UFY
304,"[Просчет] ООО ""КГИ"" / Бутылки и Пеналы 12-08-2025",320,Дизайн: лого,5,500,5000,Доставка АВИА,ДА,https://docs.google.com/spreadsheets/d/1zE-6RzipAWtxL1j2BUB510QN9krjTH0GMmo_a7P3UFY
304,"[Просчет] ООО ""КГИ"" / Бутылки и Пеналы 12-08-2025",320,Дизайн: лого,5,500,10000,Доставка ЖД,НЕТ,https://docs.google.com/spreadsheets/d/1zE-6RzipAWtxL1j2BUB510QN9krjTH0GMmo_a7P3UFY
304,"[Просчет] ООО ""КГИ"" / Бутылки и Пеналы 12-08-2025",320,Дизайн: лого,5,500,10000,Доставка АВИА,НЕТ,https://docs.google.com/spreadsheets/d/1zE-6RzipAWtxL1j2BUB510QN9krjTH0GMmo_a7P3UFY
304,"[Просчет] ООО ""КГИ"" / Бутылки и Пеналы 12-08-2025",321,Дизайн: лого,7,500,5000,Доставка ЖД,ДА,https://docs.google.com/spreadsheets/d/1zE-6RzipAWtxL1j2BUB510QN9krjTH0GMmo_a7P3UFY
304,"[Просчет] ООО ""КГИ"" / Бутылки и Пеналы 12-08-2025",321,Дизайн: лого,7,500,5000,Доставка АВИА,ДА,https://docs.google.com/spreadsheets/d/1zE-6RzipAWtxL1j2BUB510QN9krjTH0GMmo_a7P3UFY
304,"[Просчет] ООО ""КГИ"" / Бутылки и Пеналы 12-08-2025",321,Дизайн: лого,7,500,10000,Доставка ЖД,НЕТ,https://docs.google.com/spreadsheets/d/1zE-6RzipAWtxL1j2BUB510QN9krjTH0GMmo_a7P3UFY
304,"[Просчет] ООО ""КГИ"" / Бутылки и Пеналы 12-08-2025",321,Дизайн: лого,7,500,10000,Доставка АВИА,НЕТ,https://docs.google.com/spreadsheets/d/1zE-6RzipAWtxL1j2BUB510QN9krjTH0GMmo_a7P3UFY
304,"[Просчет] ООО ""КГИ"" / Бутылки и Пеналы 12-08-2025",322,Дизайн: лого (выкрас в пантон от 2000),9,1000,10000,Доставка ЖД,ДА,https://docs.google.com/spreadsheets/d/1zE-6RzipAWtxL1j2BUB510QN9krjTH0GMmo_a7P3UFY
304,"[Просчет] ООО ""КГИ"" / Бутылки и Пеналы 12-08-2025",322,Дизайн: лого (выкрас в пантон от 2000),9,1000,10000,Доставка АВИА,ДА,https://docs.google.com/spreadsheets/d/1zE-6RzipAWtxL1j2BUB510QN9krjTH0GMmo_a7P3UFY
304,"[Просчет] ООО ""КГИ"" / Бутылки и Пеналы 12-08-2025",322,Дизайн: лого (выкрас в пантон от 2000),9,1000,20000,Доставка ЖД,НЕТ,https://docs.google.com/spreadsheets/d/1zE-6RzipAWtxL1j2BUB510QN9krjTH0GMmo_a7P3UFY
304,"[Просчет] ООО ""КГИ"" / Бутылки и Пеналы 12-08-2025",322,Дизайн: лого (выкрас в пантон от 2000),9,1000,20000,Доставка АВИА,НЕТ,https://docs.google.com/spreadsheets/d/1zE-6RzipAWtxL1j2BUB510QN9krjTH0GMmo_a7P3UFY
304,"[Просчет] ООО ""КГИ"" / Бутылки и Пеналы 12-08-2025",323,Дизайн: лого,11,500,5000,Доставка ЖД,ДА,https://docs.google.com/spreadsheets/d/1zE-6RzipAWtxL1j2BUB510QN9krjTH0GMmo_a7P3UFY
304,"[Просчет] ООО ""КГИ"" / Бутылки и Пеналы 12-08-2025",323,Дизайн: лого,11,500,5000,Доставка АВИА,ДА,https://docs.google.com/spreadsheets/d/1zE-6RzipAWtxL1j2BUB510QN9krjTH0GMmo_a7P3UFY
304,"[Просчет] ООО ""КГИ"" / Бутылки и Пеналы 12-08-2025",323,Дизайн: лого,11,500,10000,Доставка ЖД,НЕТ,https://docs.google.com/spreadsheets/d/1zE-6RzipAWtxL1j2BUB510QN9krjTH0GMmo_a7P3UFY
304,"[Просчет] ООО ""КГИ"" / Бутылки и Пеналы 12-08-2025",323,Дизайн: лого,11,500,10000,Доставка АВИА,НЕТ,https://docs.google.com/spreadsheets/d/1zE-6RzipAWtxL1j2BUB510QN9krjTH0GMmo_a7P3UFY
304,"[Просчет] ООО ""КГИ"" / Бутылки и Пеналы 12-08-2025",324,Дизайн: лого (выкрас в пантон от 3000),13,3000,30000,Доставка ЖД,ДА,https://docs.google.com/spreadsheets/d/1zE-6RzipAWtxL1j2BUB510QN9krjTH0GMmo_a7P3UFY
304,"[Просчет] ООО ""КГИ"" / Бутылки и Пеналы 12-08-2025",324,Дизайн: лого (выкрас в пантон от 3000),13,3000,30000,Доставка АВИА,ДА,https://docs.google.com/spreadsheets/d/1zE-6RzipAWtxL1j2BUB510QN9krjTH0GMmo_a7P3UFY
83,[Просчет-РФ] Сладкая жизнь. Мерч,14584,Носки высокие с вышивкой,4,500,500,ЖД,НЕТ,https://docs.google.com/spreadsheets/d/1rRYCoaW7EfREGvNkDMBmeE5VDcA739OAsp75VGJUS3U
83,[Просчет-РФ] Сладкая жизнь. Мерч,14584,Носки высокие с вышивкой,4,500,500,АВИА,НЕТ,https://docs.google.com/spreadsheets/d/1rRYCoaW7EfREGvNkDMBmeE5VDcA739OAsp75VGJUS3U
83,[Просчет-РФ] Сладкая жизнь. Мерч,14585,кепка с вышивкой,5,500,500,ЖД,НЕТ,https://docs.google.com/spreadsheets/d/1rRYCoaW7EfREGvNkDMBmeE5VDcA739OAsp75VGJUS3U
83,[Просчет-РФ] Сладкая жизнь. Мерч,14585,кепка с вышивкой,5,500,500,АВИА,НЕТ,https://docs.google.com/spreadsheets/d/1rRYCoaW7EfREGvNkDMBmeE5VDcA739OAsp75VGJUS3U
83,[Просчет-РФ] Сладкая жизнь. Мерч,14586,Худи с капюшоном  (с вышивкой),6,500,500,ЖД,НЕТ,https://docs.google.com/spreadsheets/d/1rRYCoaW7EfREGvNkDMBmeE5VDcA739OAsp75VGJUS3U
83,[Просчет-РФ] Сладкая жизнь. Мерч,14586,Худи с капюшоном  (с вышивкой),6,500,500,АВИА,НЕТ,https://docs.google.com/spreadsheets/d/1rRYCoaW7EfREGvNkDMBmeE5VDcA739OAsp75VGJUS3U
83,[Просчет-РФ] Сладкая жизнь. Мерч,14587,футболка,7,500,500,ЖД,НЕТ,https://docs.google.com/spreadsheets/d/1rRYCoaW7EfREGvNkDMBmeE5VDcA739OAsp75VGJUS3U
83,[Просчет-РФ] Сладкая жизнь. Мерч,14587,футболка,7,500,500,АВИА,НЕТ,https://docs.google.com/spreadsheets/d/1rRYCoaW7EfREGvNkDMBmeE5VDcA739OAsp75VGJUS3U
83,[Просчет-РФ] Сладкая жизнь. Мерч,14588,футболка,8,500,500,ЖД,НЕТ,https://docs.google.com/spreadsheets/d/1rRYCoaW7EfREGvNkDMBmeE5VDcA739OAsp75VGJUS3U
83,[Просчет-РФ] Сладкая жизнь. Мерч,14588,футболка,8,500,500,АВИА,НЕТ,https://docs.google.com/spreadsheets/d/1rRYCoaW7EfREGvNkDMBmeE5VDcA739OAsp75VGJUS3U
83,[Просчет-РФ] Сладкая жизнь. Мерч,14589,футболка,9,500,500,ЖД,НЕТ,https://docs.google.com/spreadsheets/d/1rRYCoaW7EfREGvNkDMBmeE5VDcA739OAsp75VGJUS3U
83,[Просчет-РФ] Сладкая жизнь. Мерч,14589,футболка,9,500,500,АВИА,НЕТ,https://docs.google.com/spreadsheets/d/1rRYCoaW7EfREGvNkDMBmeE5VDcA739OAsp75VGJUS3U
83,[Просчет-РФ] Сладкая жизнь. Мерч,14589,футболка,9,500,500,ЖД,НЕТ,https://docs.google.com/spreadsheets/d/1rRYCoaW7EfREGvNkDMBmeE5VDcA739OAsp75VGJUS3U
83,[Просчет-РФ] Сладкая жизнь. Мерч,14589,футболка,9,500,500,АВИА,НЕТ,https://docs.google.com/spreadsheets/d/1rRYCoaW7EfREGvNkDMBmeE5VDcA739OAsp75VGJUS3U
83,[Просчет-РФ] Сладкая жизнь. Мерч,14590,футболка,11,500,500,ЖД,НЕТ,https://docs.google.com/spreadsheets/d/1rRYCoaW7EfREGvNkDMBmeE5VDcA739OAsp75VGJUS3U
83,[Просчет-РФ] Сладкая жизнь. Мерч,14590,футболка,11,500,500,ЖД,НЕТ,https://docs.google.com/spreadsheets/d/1rRYCoaW7EfREGvNkDMBmeE5VDcA739OAsp75VGJUS3U
83,[Просчет-РФ] Сладкая жизнь. Мерч,14590,футболка,11,500,500,АВИА,НЕТ,https://docs.google.com/spreadsheets/d/1rRYCoaW7EfREGvNkDMBmeE5VDcA739OAsp75VGJUS3U
83,[Просчет-РФ] Сладкая жизнь. Мерч,14591,джиббитсы,13,2500,2500,ЖД,НЕТ,https://docs.google.com/spreadsheets/d/1rRYCoaW7EfREGvNkDMBmeE5VDcA739OAsp75VGJUS3U
83,[Просчет-РФ] Сладкая жизнь. Мерч,14591,джиббитсы,13,2500,2500,АВИА,НЕТ,https://docs.google.com/spreadsheets/d/1rRYCoaW7EfREGvNkDMBmeE5VDcA739OAsp75VGJUS3U
83,[Просчет-РФ] Сладкая жизнь. Мерч,14592,футболка,14,100,500,ЖД,НЕТ,https://docs.google.com/spreadsheets/d/1rRYCoaW7EfREGvNkDMBmeE5VDcA739OAsp75VGJUS3U
83,[Просчет-РФ] Сладкая жизнь. Мерч,14592,футболка,14,100,500,АВИА,НЕТ,https://docs.google.com/spreadsheets/d/1rRYCoaW7EfREGvNkDMBmeE5VDcA739OAsp75VGJUS3U
83,[Просчет-РФ] Сладкая жизнь. Мерч,14592,футболка,14,100,1000,ЖД,ДА,https://docs.google.com/spreadsheets/d/1rRYCoaW7EfREGvNkDMBmeE5VDcA739OAsp75VGJUS3U
83,[Просчет-РФ] Сладкая жизнь. Мерч,14592,футболка,14,100,1000,АВИА,ДА,https://docs.google.com/spreadsheets/d/1rRYCoaW7EfREGvNkDMBmeE5VDcA739OAsp75VGJUS3U
83,[Просчет-РФ] Сладкая жизнь. Мерч,14593,футболка,18,100,500,ЖД,НЕТ,https://docs.google.com/spreadsheets/d/1rRYCoaW7EfREGvNkDMBmeE5VDcA739OAsp75VGJUS3U
83,[Просчет-РФ] Сладкая жизнь. Мерч,14593,футболка,18,100,500,АВИА,НЕТ,https://docs.google.com/spreadsheets/d/1rRYCoaW7EfREGvNkDMBmeE5VDcA739OAsp75VGJUS3U
83,[Просчет-РФ] Сладкая жизнь. Мерч,14593,футболка,18,100,1000,ЖД,ДА,https://docs.google.com/spreadsheets/d/1rRYCoaW7EfREGvNkDMBmeE5VDcA739OAsp75VGJUS3U
83,[Просчет-РФ] Сладкая жизнь. Мерч,14593,футболка,18,100,1000,АВИА,ДА,https://docs.google.com/spreadsheets/d/1rRYCoaW7EfREGvNkDMBmeE5VDcA739OAsp75VGJUS3U
83,[Просчет-РФ] Сладкая жизнь. Мерч,14594,футболка полуоверсайз белого цвета,22,100,500,ЖД,НЕТ,https://docs.google.com/spreadsheets/d/1rRYCoaW7EfREGvNkDMBmeE5VDcA739OAsp75VGJUS3U
83,[Просчет-РФ] Сладкая жизнь. Мерч,14594,футболка полуоверсайз белого цвета,22,100,500,АВИА,НЕТ,https://docs.google.com/spreadsheets/d/1rRYCoaW7EfREGvNkDMBmeE5VDcA739OAsp75VGJUS3U
83,[Просчет-РФ] Сладкая жизнь. Мерч,14594,футболка полуоверсайз белого цвета,22,100,1000,ЖД,ДА,https://docs.google.com/spreadsheets/d/1rRYCoaW7EfREGvNkDMBmeE5VDcA739OAsp75VGJUS3U
83,[Просчет-РФ] Сладкая жизнь. Мерч,14594,футболка полуоверсайз белого цвета,22,100,1000,АВИА,ДА,https://docs.google.com/spreadsheets/d/1rRYCoaW7EfREGvNkDMBmeE5VDcA739OAsp75VGJUS3U
83,[Просчет-РФ] Сладкая жизнь. Мерч,14595,футболка полуоверсайз черного цвета,26,100,500,ЖД,НЕТ,https://docs.google.com/spreadsheets/d/1rRYCoaW7EfREGvNkDMBmeE5VDcA739OAsp75VGJUS3U
83,[Просчет-РФ] Сладкая жизнь. Мерч,14595,футболка полуоверсайз черного цвета,26,100,500,АВИА,НЕТ,https://docs.google.com/spreadsheets/d/1rRYCoaW7EfREGvNkDMBmeE5VDcA739OAsp75VGJUS3U
83,[Просчет-РФ] Сладкая жизнь. Мерч,14595,футболка полуоверсайз черного цвета,26,100,1000,ЖД,ДА,https://docs.google.com/spreadsheets/d/1rRYCoaW7EfREGvNkDMBmeE5VDcA739OAsp75VGJUS3U
83,[Просчет-РФ] Сладкая жизнь. Мерч,14595,футболка полуоверсайз черного цвета,26,100,1000,АВИА,ДА,https://docs.google.com/spreadsheets/d/1rRYCoaW7EfREGvNkDMBmeE5VDcA739OAsp75VGJUS3U
83,[Просчет-РФ] Сладкая жизнь. Мерч,14596,свитшот полуоверсайз черного цвета Premium,30,100,500,ЖД,НЕТ,https://docs.google.com/spreadsheets/d/1rRYCoaW7EfREGvNkDMBmeE5VDcA739OAsp75VGJUS3U
83,[Просчет-РФ] Сладкая жизнь. Мерч,14596,свитшот полуоверсайз черного цвета Premium,30,100,500,АВИА,НЕТ,https://docs.google.com/spreadsheets/d/1rRYCoaW7EfREGvNkDMBmeE5VDcA739OAsp75VGJUS3U
83,[Просчет-РФ] Сладкая жизнь. Мерч,14596,свитшот полуоверсайз черного цвета Premium,30,100,1000,ЖД,ДА,https://docs.google.com/spreadsheets/d/1rRYCoaW7EfREGvNkDMBmeE5VDcA739OAsp75VGJUS3U
83,[Просчет-РФ] Сладкая жизнь. Мерч,14596,свитшот полуоверсайз черного цвета Premium,30,100,1000,АВИА,ДА,https://docs.google.com/spreadsheets/d/1rRYCoaW7EfREGvNkDMBmeE5VDcA739OAsp75VGJUS3U
120,[Просчет] Авито / Авито 01-08-2025,8,Кубики,4,325,3250,Доставка ЖД,ДА,https://docs.google.com/spreadsheets/d/1ur8iQeViyga7ELa_QHnDOS5Zz2ShKH17k-_Wrjgecm0
120,[Просчет] Авито / Авито 01-08-2025,8,Кубики,4,325,3250,Доставка АВИА,ДА,https://docs.google.com/spreadsheets/d/1ur8iQeViyga7ELa_QHnDOS5Zz2ShKH17k-_Wrjgecm0
120,[Просчет] Авито / Авито 01-08-2025,9,Фломастеры,5,310,3100,Доставка ЖД,ДА,https://docs.google.com/spreadsheets/d/1ur8iQeViyga7ELa_QHnDOS5Zz2ShKH17k-_Wrjgecm0
120,[Просчет] Авито / Авито 01-08-2025,9,Фломастеры,5,310,3100,Доставка АВИА,ДА,https://docs.google.com/spreadsheets/d/1ur8iQeViyga7ELa_QHnDOS5Zz2ShKH17k-_Wrjgecm0
120,[Просчет] Авито / Авито 01-08-2025,10,Фломастеры,6,310,3100,Доставка ЖД,ДА,https://docs.google.com/spreadsheets/d/1ur8iQeViyga7ELa_QHnDOS5Zz2ShKH17k-_Wrjgecm0
120,[Просчет] Авито / Авито 01-08-2025,10,Фломастеры,6,310,3100,Доставка АВИА,ДА,https://docs.google.com/spreadsheets/d/1ur8iQeViyga7ELa_QHnDOS5Zz2ShKH17k-_Wrjgecm0
120,[Просчет] Авито / Авито 01-08-2025,11,Фломастеры,7,310,3100,Доставка ЖД,ДА,https://docs.google.com/spreadsheets/d/1ur8iQeViyga7ELa_QHnDOS5Zz2ShKH17k-_Wrjgecm0
120,[Просчет] Авито / Авито 01-08-2025,11,Фломастеры,7,310,3100,Доставка АВИА,ДА,https://docs.google.com/spreadsheets/d/1ur8iQeViyga7ELa_QHnDOS5Zz2ShKH17k-_Wrjgecm0
120,[Просчет] Авито / Авито 01-08-2025,14,Поезд,10,310,3100,Доставка ЖД,ДА,https://docs.google.com/spreadsheets/d/1ur8iQeViyga7ELa_QHnDOS5Zz2ShKH17k-_Wrjgecm0
120,[Просчет] Авито / Авито 01-08-2025,14,Поезд,10,310,3100,Доставка АВИА,ДА,https://docs.google.com/spreadsheets/d/1ur8iQeViyga7ELa_QHnDOS5Zz2ShKH17k-_Wrjgecm0
281,[Просчет-РФ] Екатерина Кожаева Иллан / Палитра ПСБ иллан - от 300 шт до 10 000 шт + 22-08-2025,14905,Шоппер,4,300,300,ЖД,НЕТ,https://docs.google.com/spreadsheets/d/1go5bLGB8IvvqvZ9l91lhScgVqA3KGGee8PNwU6wSg8s
281,[Просчет-РФ] Екатерина Кожаева Иллан / Палитра ПСБ иллан - от 300 шт до 10 000 шт + 22-08-2025,14905,Шоппер,4,300,300,АВИА,НЕТ,https://docs.google.com/spreadsheets/d/1go5bLGB8IvvqvZ9l91lhScgVqA3KGGee8PNwU6wSg8s
281,[Просчет-РФ] Екатерина Кожаева Иллан / Палитра ПСБ иллан - от 300 шт до 10 000 шт + 22-08-2025,14905,Шоппер,4,300,500,ЖД,НЕТ,https://docs.google.com/spreadsheets/d/1go5bLGB8IvvqvZ9l91lhScgVqA3KGGee8PNwU6wSg8s
281,[Просчет-РФ] Екатерина Кожаева Иллан / Палитра ПСБ иллан - от 300 шт до 10 000 шт + 22-08-2025,14905,Шоппер,4,300,500,АВИА,НЕТ,https://docs.google.com/spreadsheets/d/1go5bLGB8IvvqvZ9l91lhScgVqA3KGGee8PNwU6wSg8s
281,[Просчет-РФ] Екатерина Кожаева Иллан / Палитра ПСБ иллан - от 300 шт до 10 000 шт + 22-08-2025,14905,Шоппер,4,300,1000,ЖД,НЕТ,https://docs.google.com/spreadsheets/d/1go5bLGB8IvvqvZ9l91lhScgVqA3KGGee8PNwU6wSg8s
281,[Просчет-РФ] Екатерина Кожаева Иллан / Палитра ПСБ иллан - от 300 шт до 10 000 шт + 22-08-2025,14905,Шоппер,4,300,1000,АВИА,НЕТ,https://docs.google.com/spreadsheets/d/1go5bLGB8IvvqvZ9l91lhScgVqA3KGGee8PNwU6wSg8s
281,[Просчет-РФ] Екатерина Кожаева Иллан / Палитра ПСБ иллан - от 300 шт до 10 000 шт + 22-08-2025,14905,Шоппер,4,300,3000,ЖД,ДА,https://docs.google.com/spreadsheets/d/1go5bLGB8IvvqvZ9l91lhScgVqA3KGGee8PNwU6wSg8s
281,[Просчет-РФ] Екатерина Кожаева Иллан / Палитра ПСБ иллан - от 300 шт до 10 000 шт + 22-08-2025,14905,Шоппер,4,300,3000,АВИА,ДА,https://docs.google.com/spreadsheets/d/1go5bLGB8IvvqvZ9l91lhScgVqA3KGGee8PNwU6wSg8s
281,[Просчет-РФ] Екатерина Кожаева Иллан / Палитра ПСБ иллан - от 300 шт до 10 000 шт + 22-08-2025,14906,Косметичка,8,300,300,ЖД,НЕТ,https://docs.google.com/spreadsheets/d/1go5bLGB8IvvqvZ9l91lhScgVqA3KGGee8PNwU6wSg8s
281,[Просчет-РФ] Екатерина Кожаева Иллан / Палитра ПСБ иллан - от 300 шт до 10 000 шт + 22-08-2025,14906,Косметичка,8,300,300,АВИА,НЕТ,https://docs.google.com/spreadsheets/d/1go5bLGB8IvvqvZ9l91lhScgVqA3KGGee8PNwU6wSg8s
281,[Просчет-РФ] Екатерина Кожаева Иллан / Палитра ПСБ иллан - от 300 шт до 10 000 шт + 22-08-2025,14906,Косметичка,8,300,500,ЖД,НЕТ,https://docs.google.com/spreadsheets/d/1go5bLGB8IvvqvZ9l91lhScgVqA3KGGee8PNwU6wSg8s
281,[Просчет-РФ] Екатерина Кожаева Иллан / Палитра ПСБ иллан - от 300 шт до 10 000 шт + 22-08-2025,14906,Косметичка,8,300,500,АВИА,НЕТ,https://docs.google.com/spreadsheets/d/1go5bLGB8IvvqvZ9l91lhScgVqA3KGGee8PNwU6wSg8s
281,[Просчет-РФ] Екатерина Кожаева Иллан / Палитра ПСБ иллан - от 300 шт до 10 000 шт + 22-08-2025,14906,Косметичка,8,300,1000,ЖД,НЕТ,https://docs.google.com/spreadsheets/d/1go5bLGB8IvvqvZ9l91lhScgVqA3KGGee8PNwU6wSg8s
281,[Просчет-РФ] Екатерина Кожаева Иллан / Палитра ПСБ иллан - от 300 шт до 10 000 шт + 22-08-2025,14906,Косметичка,8,300,1000,АВИА,НЕТ,https://docs.google.com/spreadsheets/d/1go5bLGB8IvvqvZ9l91lhScgVqA3KGGee8PNwU6wSg8s
281,[Просчет-РФ] Екатерина Кожаева Иллан / Палитра ПСБ иллан - от 300 шт до 10 000 шт + 22-08-2025,14906,Косметичка,8,300,3000,ЖД,ДА,https://docs.google.com/spreadsheets/d/1go5bLGB8IvvqvZ9l91lhScgVqA3KGGee8PNwU6wSg8s
281,[Просчет-РФ] Екатерина Кожаева Иллан / Палитра ПСБ иллан - от 300 шт до 10 000 шт + 22-08-2025,14906,Косметичка,8,300,3000,АВИА,ДА,https://docs.google.com/spreadsheets/d/1go5bLGB8IvvqvZ9l91lhScgVqA3KGGee8PNwU6wSg8s
281,[Просчет-РФ] Екатерина Кожаева Иллан / Палитра ПСБ иллан - от 300 шт до 10 000 шт + 22-08-2025,14907,Поясная сумка,12,300,300,ЖД,НЕТ,https://docs.google.com/spreadsheets/d/1go5bLGB8IvvqvZ9l91lhScgVqA3KGGee8PNwU6wSg8s
281,[Просчет-РФ] Екатерина Кожаева Иллан / Палитра ПСБ иллан - от 300 шт до 10 000 шт + 22-08-2025,14907,Поясная сумка,12,300,300,АВИА,НЕТ,https://docs.google.com/spreadsheets/d/1go5bLGB8IvvqvZ9l91lhScgVqA3KGGee8PNwU6wSg8s
281,[Просчет-РФ] Екатерина Кожаева Иллан / Палитра ПСБ иллан - от 300 шт до 10 000 шт + 22-08-2025,14907,Поясная сумка,12,300,500,ЖД,НЕТ,https://docs.google.com/spreadsheets/d/1go5bLGB8IvvqvZ9l91lhScgVqA3KGGee8PNwU6wSg8s
281,[Просчет-РФ] Екатерина Кожаева Иллан / Палитра ПСБ иллан - от 300 шт до 10 000 шт + 22-08-2025,14907,Поясная сумка,12,300,500,АВИА,НЕТ,https://docs.google.com/spreadsheets/d/1go5bLGB8IvvqvZ9l91lhScgVqA3KGGee8PNwU6wSg8s
281,[Просчет-РФ] Екатерина Кожаева Иллан / Палитра ПСБ иллан - от 300 шт до 10 000 шт + 22-08-2025,14907,Поясная сумка,12,300,1000,ЖД,НЕТ,https://docs.google.com/spreadsheets/d/1go5bLGB8IvvqvZ9l91lhScgVqA3KGGee8PNwU6wSg8s
281,[Просчет-РФ] Екатерина Кожаева Иллан / Палитра ПСБ иллан - от 300 шт до 10 000 шт + 22-08-2025,14907,Поясная сумка,12,300,1000,АВИА,НЕТ,https://docs.google.com/spreadsheets/d/1go5bLGB8IvvqvZ9l91lhScgVqA3KGGee8PNwU6wSg8s
281,[Просчет-РФ] Екатерина Кожаева Иллан / Палитра ПСБ иллан - от 300 шт до 10 000 шт + 22-08-2025,14907,Поясная сумка,12,300,3000,ЖД,ДА,https://docs.google.com/spreadsheets/d/1go5bLGB8IvvqvZ9l91lhScgVqA3KGGee8PNwU6wSg8s
281,[Просчет-РФ] Екатерина Кожаева Иллан / Палитра ПСБ иллан - от 300 шт до 10 000 шт + 22-08-2025,14907,Поясная сумка,12,300,3000,АВИА,ДА,https://docs.google.com/spreadsheets/d/1go5bLGB8IvvqvZ9l91lhScgVqA3KGGee8PNwU6wSg8s
281,[Просчет-РФ] Екатерина Кожаева Иллан / Палитра ПСБ иллан - от 300 шт до 10 000 шт + 22-08-2025,14908,Чехол для ноутбука,16,300,300,ЖД,НЕТ,https://docs.google.com/spreadsheets/d/1go5bLGB8IvvqvZ9l91lhScgVqA3KGGee8PNwU6wSg8s
281,[Просчет-РФ] Екатерина Кожаева Иллан / Палитра ПСБ иллан - от 300 шт до 10 000 шт + 22-08-2025,14908,Чехол для ноутбука,16,300,300,АВИА,НЕТ,https://docs.google.com/spreadsheets/d/1go5bLGB8IvvqvZ9l91lhScgVqA3KGGee8PNwU6wSg8s
281,[Просчет-РФ] Екатерина Кожаева Иллан / Палитра ПСБ иллан - от 300 шт до 10 000 шт + 22-08-2025,14908,Чехол для ноутбука,16,300,500,ЖД,НЕТ,https://docs.google.com/spreadsheets/d/1go5bLGB8IvvqvZ9l91lhScgVqA3KGGee8PNwU6wSg8s
281,[Просчет-РФ] Екатерина Кожаева Иллан / Палитра ПСБ иллан - от 300 шт до 10 000 шт + 22-08-2025,14908,Чехол для ноутбука,16,300,500,АВИА,НЕТ,https://docs.google.com/spreadsheets/d/1go5bLGB8IvvqvZ9l91lhScgVqA3KGGee8PNwU6wSg8s
281,[Просчет-РФ] Екатерина Кожаева Иллан / Палитра ПСБ иллан - от 300 шт до 10 000 шт + 22-08-2025,14908,Чехол для ноутбука,16,300,1000,ЖД,НЕТ,https://docs.google.com/spreadsheets/d/1go5bLGB8IvvqvZ9l91lhScgVqA3KGGee8PNwU6wSg8s
281,[Просчет-РФ] Екатерина Кожаева Иллан / Палитра ПСБ иллан - от 300 шт до 10 000 шт + 22-08-2025,14908,Чехол для ноутбука,16,300,1000,АВИА,НЕТ,https://docs.google.com/spreadsheets/d/1go5bLGB8IvvqvZ9l91lhScgVqA3KGGee8PNwU6wSg8s
281,[Просчет-РФ] Екатерина Кожаева Иллан / Палитра ПСБ иллан - от 300 шт до 10 000 шт + 22-08-2025,14908,Чехол для ноутбука,16,300,3000,ЖД,ДА,https://docs.google.com/spreadsheets/d/1go5bLGB8IvvqvZ9l91lhScgVqA3KGGee8PNwU6wSg8s
281,[Просчет-РФ] Екатерина Кожаева Иллан / Палитра ПСБ иллан - от 300 шт до 10 000 шт + 22-08-2025,14908,Чехол для ноутбука,16,300,3000,АВИА,ДА,https://docs.google.com/spreadsheets/d/1go5bLGB8IvvqvZ9l91lhScgVqA3KGGee8PNwU6wSg8s
281,[Просчет-РФ] Екатерина Кожаева Иллан / Палитра ПСБ иллан - от 300 шт до 10 000 шт + 22-08-2025,14909,Сумка для аккумулятора,20,300,300,ЖД,НЕТ,https://docs.google.com/spreadsheets/d/1go5bLGB8IvvqvZ9l91lhScgVqA3KGGee8PNwU6wSg8s
281,[Просчет-РФ] Екатерина Кожаева Иллан / Палитра ПСБ иллан - от 300 шт до 10 000 шт + 22-08-2025,14909,Сумка для аккумулятора,20,300,300,АВИА,НЕТ,https://docs.google.com/spreadsheets/d/1go5bLGB8IvvqvZ9l91lhScgVqA3KGGee8PNwU6wSg8s
281,[Просчет-РФ] Екатерина Кожаева Иллан / Палитра ПСБ иллан - от 300 шт до 10 000 шт + 22-08-2025,14909,Сумка для аккумулятора,20,300,500,ЖД,НЕТ,https://docs.google.com/spreadsheets/d/1go5bLGB8IvvqvZ9l91lhScgVqA3KGGee8PNwU6wSg8s
281,[Просчет-РФ] Екатерина Кожаева Иллан / Палитра ПСБ иллан - от 300 шт до 10 000 шт + 22-08-2025,14909,Сумка для аккумулятора,20,300,500,АВИА,НЕТ,https://docs.google.com/spreadsheets/d/1go5bLGB8IvvqvZ9l91lhScgVqA3KGGee8PNwU6wSg8s
281,[Просчет-РФ] Екатерина Кожаева Иллан / Палитра ПСБ иллан - от 300 шт до 10 000 шт + 22-08-2025,14909,Сумка для аккумулятора,20,300,1000,ЖД,НЕТ,https://docs.google.com/spreadsheets/d/1go5bLGB8IvvqvZ9l91lhScgVqA3KGGee8PNwU6wSg8s
281,[Просчет-РФ] Екатерина Кожаева Иллан / Палитра ПСБ иллан - от 300 шт до 10 000 шт + 22-08-2025,14909,Сумка для аккумулятора,20,300,1000,АВИА,НЕТ,https://docs.google.com/spreadsheets/d/1go5bLGB8IvvqvZ9l91lhScgVqA3KGGee8PNwU6wSg8s
281,[Просчет-РФ] Екатерина Кожаева Иллан / Палитра ПСБ иллан - от 300 шт до 10 000 шт + 22-08-2025,14909,Сумка для аккумулятора,20,300,3000,ЖД,ДА,https://docs.google.com/spreadsheets/d/1go5bLGB8IvvqvZ9l91lhScgVqA3KGGee8PNwU6wSg8s
281,[Просчет-РФ] Екатерина Кожаева Иллан / Палитра ПСБ иллан - от 300 шт до 10 000 шт + 22-08-2025,14909,Сумка для аккумулятора,20,300,3000,АВИА,ДА,https://docs.google.com/spreadsheets/d/1go5bLGB8IvvqvZ9l91lhScgVqA3KGGee8PNwU6wSg8s
154,"[Просчет] ООО ""ХЭДКОРН"" / Шнурок + чехол для телефона универсальный 24-07-2025",43,Дизайн: сток,4,1000,10000,Доставка ЖД,ДА,https://docs.google.com/spreadsheets/d/1MErBaidTzZPbbNCXH9epjVJ2Uh36AbkPrRVv4nIhf3I
154,"[Просчет] ООО ""ХЭДКОРН"" / Шнурок + чехол для телефона универсальный 24-07-2025",43,Дизайн: сток,4,1000,10000,Доставка АВИА,ДА,https://docs.google.com/spreadsheets/d/1MErBaidTzZPbbNCXH9epjVJ2Uh36AbkPrRVv4nIhf3I
154,"[Просчет] ООО ""ХЭДКОРН"" / Шнурок + чехол для телефона универсальный 24-07-2025",44,Дизайн: печать лого,5,1000,10000,Доставка ЖД,ДА,https://docs.google.com/spreadsheets/d/1MErBaidTzZPbbNCXH9epjVJ2Uh36AbkPrRVv4nIhf3I
154,"[Просчет] ООО ""ХЭДКОРН"" / Шнурок + чехол для телефона универсальный 24-07-2025",44,Дизайн: печать лого,5,1000,10000,Доставка АВИА,ДА,https://docs.google.com/spreadsheets/d/1MErBaidTzZPbbNCXH9epjVJ2Uh36AbkPrRVv4nIhf3I
154,"[Просчет] ООО ""ХЭДКОРН"" / Шнурок + чехол для телефона универсальный 24-07-2025",45,Дизайн: сток,6,2000,20000,Доставка ЖД,ДА,https://docs.google.com/spreadsheets/d/1MErBaidTzZPbbNCXH9epjVJ2Uh36AbkPrRVv4nIhf3I
154,"[Просчет] ООО ""ХЭДКОРН"" / Шнурок + чехол для телефона универсальный 24-07-2025",45,Дизайн: сток,6,2000,20000,Доставка АВИА,ДА,https://docs.google.com/spreadsheets/d/1MErBaidTzZPbbNCXH9epjVJ2Uh36AbkPrRVv4nIhf3I
154,"[Просчет] ООО ""ХЭДКОРН"" / Шнурок + чехол для телефона универсальный 24-07-2025",46,Дизайн: печать лого,7,2000,20000,Доставка ЖД,ДА,https://docs.google.com/spreadsheets/d/1MErBaidTzZPbbNCXH9epjVJ2Uh36AbkPrRVv4nIhf3I
154,"[Просчет] ООО ""ХЭДКОРН"" / Шнурок + чехол для телефона универсальный 24-07-2025",46,Дизайн: печать лого,7,2000,20000,Доставка АВИА,ДА,https://docs.google.com/spreadsheets/d/1MErBaidTzZPbbNCXH9epjVJ2Uh36AbkPrRVv4nIhf3I
145,[Просчет-РФ] Анастасия / 16-07-2025,28,Дизайн: цветная деколь,4,100,1000,Доставка ЖД,ДА,https://docs.google.com/spreadsheets/d/1GqHEyYdCNPEBmn_j2t_jCeboVwTOtbH-opVLf00rW8I
145,[Просчет-РФ] Анастасия / 16-07-2025,28,Дизайн: цветная деколь,4,100,1000,Доставка АВИА,ДА,https://docs.google.com/spreadsheets/d/1GqHEyYdCNPEBmn_j2t_jCeboVwTOtbH-opVLf00rW8I
145,[Просчет-РФ] Анастасия / 16-07-2025,28,Дизайн: цветная деколь,4,100,3000,Доставка ЖД,НЕТ,https://docs.google.com/spreadsheets/d/1GqHEyYdCNPEBmn_j2t_jCeboVwTOtbH-opVLf00rW8I
145,[Просчет-РФ] Анастасия / 16-07-2025,28,Дизайн: цветная деколь,4,100,3000,Доставка АВИА,НЕТ,https://docs.google.com/spreadsheets/d/1GqHEyYdCNPEBmn_j2t_jCeboVwTOtbH-opVLf00rW8I
145,[Просчет-РФ] Анастасия / 16-07-2025,29,Дизайн: без,6,100,1000,Доставка ЖД,ДА,https://docs.google.com/spreadsheets/d/1GqHEyYdCNPEBmn_j2t_jCeboVwTOtbH-opVLf00rW8I
145,[Просчет-РФ] Анастасия / 16-07-2025,29,Дизайн: без,6,100,1000,Доставка АВИА,ДА,https://docs.google.com/spreadsheets/d/1GqHEyYdCNPEBmn_j2t_jCeboVwTOtbH-opVLf00rW8I
145,[Просчет-РФ] Анастасия / 16-07-2025,29,Дизайн: без,6,100,3000,Доставка ЖД,НЕТ,https://docs.google.com/spreadsheets/d/1GqHEyYdCNPEBmn_j2t_jCeboVwTOtbH-opVLf00rW8I
145,[Просчет-РФ] Анастасия / 16-07-2025,29,Дизайн: без,6,100,3000,Доставка АВИА,НЕТ,https://docs.google.com/spreadsheets/d/1GqHEyYdCNPEBmn_j2t_jCeboVwTOtbH-opVLf00rW8I
145,[Просчет-РФ] Анастасия / 16-07-2025,30,Дизайн: без,8,100,1000,Доставка ЖД,ДА,https://docs.google.com/spreadsheets/d/1GqHEyYdCNPEBmn_j2t_jCeboVwTOtbH-opVLf00rW8I
145,[Просчет-РФ] Анастасия / 16-07-2025,30,Дизайн: без,8,100,1000,Доставка АВИА,ДА,https://docs.google.com/spreadsheets/d/1GqHEyYdCNPEBmn_j2t_jCeboVwTOtbH-opVLf00rW8I
145,[Просчет-РФ] Анастасия / 16-07-2025,30,Дизайн: без,8,100,3000,Доставка ЖД,НЕТ,https://docs.google.com/spreadsheets/d/1GqHEyYdCNPEBmn_j2t_jCeboVwTOtbH-opVLf00rW8I
145,[Просчет-РФ] Анастасия / 16-07-2025,30,Дизайн: без,8,100,3000,Доставка АВИА,НЕТ,https://docs.google.com/spreadsheets/d/1GqHEyYdCNPEBmn_j2t_jCeboVwTOtbH-opVLf00rW8I
145,[Просчет-РФ] Анастасия / 16-07-2025,31,Дизайн: без,10,100,1000,Доставка ЖД,ДА,https://docs.google.com/spreadsheets/d/1GqHEyYdCNPEBmn_j2t_jCeboVwTOtbH-opVLf00rW8I
145,[Просчет-РФ] Анастасия / 16-07-2025,31,Дизайн: без,10,100,1000,Доставка АВИА,ДА,https://docs.google.com/spreadsheets/d/1GqHEyYdCNPEBmn_j2t_jCeboVwTOtbH-opVLf00rW8I
145,[Просчет-РФ] Анастасия / 16-07-2025,31,Дизайн: без,10,100,3000,Доставка ЖД,НЕТ,https://docs.google.com/spreadsheets/d/1GqHEyYdCNPEBmn_j2t_jCeboVwTOtbH-opVLf00rW8I
145,[Просчет-РФ] Анастасия / 16-07-2025,31,Дизайн: без,10,100,3000,Доставка АВИА,НЕТ,https://docs.google.com/spreadsheets/d/1GqHEyYdCNPEBmn_j2t_jCeboVwTOtbH-opVLf00rW8I
178,[Просчет] Яна Ощепкова / ММ_Газпромнефть Битум_НГ 2026 21-07-2025,77,Пояс для строительных инструментов,4,700,7000,Доставка ЖД,ДА,https://docs.google.com/spreadsheets/d/1-YnrB9tmF-C3xMLbOhy0nG9rzaofM0CqgYmwjhBT1Wo
178,[Просчет] Яна Ощепкова / ММ_Газпромнефть Битум_НГ 2026 21-07-2025,77,Пояс для строительных инструментов,4,700,7000,Доставка АВИА,ДА,https://docs.google.com/spreadsheets/d/1-YnrB9tmF-C3xMLbOhy0nG9rzaofM0CqgYmwjhBT1Wo
178,[Просчет] Яна Ощепкова / ММ_Газпромнефть Битум_НГ 2026 21-07-2025,78,Магнитный браслет,5,700,7000,Доставка ЖД,ДА,https://docs.google.com/spreadsheets/d/1-YnrB9tmF-C3xMLbOhy0nG9rzaofM0CqgYmwjhBT1Wo
178,[Просчет] Яна Ощепкова / ММ_Газпромнефть Битум_НГ 2026 21-07-2025,78,Магнитный браслет,5,700,7000,Доставка АВИА,ДА,https://docs.google.com/spreadsheets/d/1-YnrB9tmF-C3xMLbOhy0nG9rzaofM0CqgYmwjhBT1Wo
178,[Просчет] Яна Ощепкова / ММ_Газпромнефть Битум_НГ 2026 21-07-2025,79,Вешалка для автомобиля,6,100,1000,Доставка ЖД,ДА,https://docs.google.com/spreadsheets/d/1-YnrB9tmF-C3xMLbOhy0nG9rzaofM0CqgYmwjhBT1Wo
178,[Просчет] Яна Ощепкова / ММ_Газпромнефть Битум_НГ 2026 21-07-2025,79,Вешалка для автомобиля,6,100,1000,Доставка АВИА,ДА,https://docs.google.com/spreadsheets/d/1-YnrB9tmF-C3xMLbOhy0nG9rzaofM0CqgYmwjhBT1Wo
178,[Просчет] Яна Ощепкова / ММ_Газпромнефть Битум_НГ 2026 21-07-2025,79,Вешалка для автомобиля,6,100,5000,Доставка ЖД,НЕТ,https://docs.google.com/spreadsheets/d/1-YnrB9tmF-C3xMLbOhy0nG9rzaofM0CqgYmwjhBT1Wo
178,[Просчет] Яна Ощепкова / ММ_Газпромнефть Битум_НГ 2026 21-07-2025,79,Вешалка для автомобиля,6,100,5000,Доставка АВИА,НЕТ,https://docs.google.com/spreadsheets/d/1-YnrB9tmF-C3xMLbOhy0nG9rzaofM0CqgYmwjhBT1Wo
178,[Просчет] Яна Ощепкова / ММ_Газпромнефть Битум_НГ 2026 21-07-2025,80,Крючок автомобильный,8,200,2000,Доставка ЖД,ДА,https://docs.google.com/spreadsheets/d/1-YnrB9tmF-C3xMLbOhy0nG9rzaofM0CqgYmwjhBT1Wo
178,[Просчет] Яна Ощепкова / ММ_Газпромнефть Битум_НГ 2026 21-07-2025,80,Крючок автомобильный,8,200,2000,Доставка АВИА,ДА,https://docs.google.com/spreadsheets/d/1-YnrB9tmF-C3xMLbOhy0nG9rzaofM0CqgYmwjhBT1Wo
159,"[Просчет] Ольга Стародубцева Иллан / чемодан, зарядка, светильники_20/50_СберМобайл_КГИ_ММ 23-07-2025",56,"Дизайн: УФ-печать лого

*паттерн + 230 руб",4,20,500,Доставка ЖД,НЕТ,https://docs.google.com/spreadsheets/d/1oYSkJMGYMoj4VG2QK5nhRNkIVFTX1U1M0Gb6_R0pKC4
159,"[Просчет] Ольга Стародубцева Иллан / чемодан, зарядка, светильники_20/50_СберМобайл_КГИ_ММ 23-07-2025",56,"Дизайн: УФ-печать лого

*паттерн + 230 руб",4,20,500,Доставка АВИА,НЕТ,https://docs.google.com/spreadsheets/d/1oYSkJMGYMoj4VG2QK5nhRNkIVFTX1U1M0Gb6_R0pKC4
159,"[Просчет] Ольга Стародубцева Иллан / чемодан, зарядка, светильники_20/50_СберМобайл_КГИ_ММ 23-07-2025",57,Дизайн: выкрас в пантон,6,300,3000,Доставка ЖД,ДА,https://docs.google.com/spreadsheets/d/1oYSkJMGYMoj4VG2QK5nhRNkIVFTX1U1M0Gb6_R0pKC4
159,"[Просчет] Ольга Стародубцева Иллан / чемодан, зарядка, светильники_20/50_СберМобайл_КГИ_ММ 23-07-2025",57,Дизайн: выкрас в пантон,6,300,3000,Доставка АВИА,ДА,https://docs.google.com/spreadsheets/d/1oYSkJMGYMoj4VG2QK5nhRNkIVFTX1U1M0Gb6_R0pKC4
159,"[Просчет] Ольга Стародубцева Иллан / чемодан, зарядка, светильники_20/50_СберМобайл_КГИ_ММ 23-07-2025",58,Дизайн: печать лого,7,50,500,Доставка ЖД,ДА,https://docs.google.com/spreadsheets/d/1oYSkJMGYMoj4VG2QK5nhRNkIVFTX1U1M0Gb6_R0pKC4
159,"[Просчет] Ольга Стародубцева Иллан / чемодан, зарядка, светильники_20/50_СберМобайл_КГИ_ММ 23-07-2025",58,Дизайн: печать лого,7,50,500,Доставка АВИА,ДА,https://docs.google.com/spreadsheets/d/1oYSkJMGYMoj4VG2QK5nhRNkIVFTX1U1M0Gb6_R0pKC4
159,"[Просчет] Ольга Стародубцева Иллан / чемодан, зарядка, светильники_20/50_СберМобайл_КГИ_ММ 23-07-2025",59,Дизайн: сток,8,20,500,Доставка ЖД,НЕТ,https://docs.google.com/spreadsheets/d/1oYSkJMGYMoj4VG2QK5nhRNkIVFTX1U1M0Gb6_R0pKC4
159,"[Просчет] Ольга Стародубцева Иллан / чемодан, зарядка, светильники_20/50_СберМобайл_КГИ_ММ 23-07-2025",59,Дизайн: сток,8,20,500,Доставка АВИА,НЕТ,https://docs.google.com/spreadsheets/d/1oYSkJMGYMoj4VG2QK5nhRNkIVFTX1U1M0Gb6_R0pKC4
159,"[Просчет] Ольга Стародубцева Иллан / чемодан, зарядка, светильники_20/50_СберМобайл_КГИ_ММ 23-07-2025",60,"Дизайн: печать лого, шелкография",10,200,2000,Доставка ЖД,ДА,https://docs.google.com/spreadsheets/d/1oYSkJMGYMoj4VG2QK5nhRNkIVFTX1U1M0Gb6_R0pKC4
159,"[Просчет] Ольга Стародубцева Иллан / чемодан, зарядка, светильники_20/50_СберМобайл_КГИ_ММ 23-07-2025",60,"Дизайн: печать лого, шелкография",10,200,2000,Доставка АВИА,ДА,https://docs.google.com/spreadsheets/d/1oYSkJMGYMoj4VG2QK5nhRNkIVFTX1U1M0Gb6_R0pKC4
159,"[Просчет] Ольга Стародубцева Иллан / чемодан, зарядка, светильники_20/50_СберМобайл_КГИ_ММ 23-07-2025",61,Дизайн: индивидуальная форма,11,20,500,Доставка ЖД,НЕТ,https://docs.google.com/spreadsheets/d/1oYSkJMGYMoj4VG2QK5nhRNkIVFTX1U1M0Gb6_R0pKC4
159,"[Просчет] Ольга Стародубцева Иллан / чемодан, зарядка, светильники_20/50_СберМобайл_КГИ_ММ 23-07-2025",61,Дизайн: индивидуальная форма,11,20,500,Доставка АВИА,НЕТ,https://docs.google.com/spreadsheets/d/1oYSkJMGYMoj4VG2QK5nhRNkIVFTX1U1M0Gb6_R0pKC4
128,"[Просчет] ООО ""КГИ"" / Мерч для конференций (бирки для чемоданов, ремешки)_100-300-500 шт_ВК_КГИ_MegaMind 29-07-2025",15,Бирка на чемодан 1,4,100,1000,Доставка АВИА,ДА,https://docs.google.com/spreadsheets/d/1g3OqMatuW0eGP_sOr202l29yBGX36Vp9DukcJpbexcs
128,"[Просчет] ООО ""КГИ"" / Мерч для конференций (бирки для чемоданов, ремешки)_100-300-500 шт_ВК_КГИ_MegaMind 29-07-2025",15,Бирка на чемодан 1,4,100,3000,Доставка АВИА,НЕТ,https://docs.google.com/spreadsheets/d/1g3OqMatuW0eGP_sOr202l29yBGX36Vp9DukcJpbexcs
128,"[Просчет] ООО ""КГИ"" / Мерч для конференций (бирки для чемоданов, ремешки)_100-300-500 шт_ВК_КГИ_MegaMind 29-07-2025",15,Бирка на чемодан 1,4,100,5000,Доставка АВИА,НЕТ,https://docs.google.com/spreadsheets/d/1g3OqMatuW0eGP_sOr202l29yBGX36Vp9DukcJpbexcs
128,"[Просчет] ООО ""КГИ"" / Мерч для конференций (бирки для чемоданов, ремешки)_100-300-500 шт_ВК_КГИ_MegaMind 29-07-2025",15,Бирка на чемодан 1,4,100,33750,Доставка ЖД,НЕТ,https://docs.google.com/spreadsheets/d/1g3OqMatuW0eGP_sOr202l29yBGX36Vp9DukcJpbexcs
128,"[Просчет] ООО ""КГИ"" / Мерч для конференций (бирки для чемоданов, ремешки)_100-300-500 шт_ВК_КГИ_MegaMind 29-07-2025",15,Бирка на чемодан 1,4,100,33750,Доставка АВИА,НЕТ,https://docs.google.com/spreadsheets/d/1g3OqMatuW0eGP_sOr202l29yBGX36Vp9DukcJpbexcs
128,"[Просчет] ООО ""КГИ"" / Мерч для конференций (бирки для чемоданов, ремешки)_100-300-500 шт_ВК_КГИ_MegaMind 29-07-2025",16,Ремешок-держатель для куртки,8,100,1000,Доставка АВИА,ДА,https://docs.google.com/spreadsheets/d/1g3OqMatuW0eGP_sOr202l29yBGX36Vp9DukcJpbexcs
128,"[Просчет] ООО ""КГИ"" / Мерч для конференций (бирки для чемоданов, ремешки)_100-300-500 шт_ВК_КГИ_MegaMind 29-07-2025",16,Ремешок-держатель для куртки,8,100,3000,Доставка АВИА,НЕТ,https://docs.google.com/spreadsheets/d/1g3OqMatuW0eGP_sOr202l29yBGX36Vp9DukcJpbexcs
128,"[Просчет] ООО ""КГИ"" / Мерч для конференций (бирки для чемоданов, ремешки)_100-300-500 шт_ВК_КГИ_MegaMind 29-07-2025",16,Ремешок-держатель для куртки,8,100,5000,Доставка ЖД,НЕТ,https://docs.google.com/spreadsheets/d/1g3OqMatuW0eGP_sOr202l29yBGX36Vp9DukcJpbexcs
128,"[Просчет] ООО ""КГИ"" / Мерч для конференций (бирки для чемоданов, ремешки)_100-300-500 шт_ВК_КГИ_MegaMind 29-07-2025",16,Ремешок-держатель для куртки,8,100,5000,Доставка АВИА,НЕТ,https://docs.google.com/spreadsheets/d/1g3OqMatuW0eGP_sOr202l29yBGX36Vp9DukcJpbexcs
128,"[Просчет] ООО ""КГИ"" / Мерч для конференций (бирки для чемоданов, ремешки)_100-300-500 шт_ВК_КГИ_MegaMind 29-07-2025",16,Ремешок-держатель для куртки,8,100,33750,Доставка ЖД,НЕТ,https://docs.google.com/spreadsheets/d/1g3OqMatuW0eGP_sOr202l29yBGX36Vp9DukcJpbexcs
128,"[Просчет] ООО ""КГИ"" / Мерч для конференций (бирки для чемоданов, ремешки)_100-300-500 шт_ВК_КГИ_MegaMind 29-07-2025",16,Ремешок-держатель для куртки,8,100,33750,Доставка АВИА,НЕТ,https://docs.google.com/spreadsheets/d/1g3OqMatuW0eGP_sOr202l29yBGX36Vp9DukcJpbexcs
128,"[Просчет] ООО ""КГИ"" / Мерч для конференций (бирки для чемоданов, ремешки)_100-300-500 шт_ВК_КГИ_MegaMind 29-07-2025",17,Ремешок-держатель для куртки 2,12,100,1000,Доставка АВИА,ДА,https://docs.google.com/spreadsheets/d/1g3OqMatuW0eGP_sOr202l29yBGX36Vp9DukcJpbexcs
128,"[Просчет] ООО ""КГИ"" / Мерч для конференций (бирки для чемоданов, ремешки)_100-300-500 шт_ВК_КГИ_MegaMind 29-07-2025",17,Ремешок-держатель для куртки 2,12,100,3000,Доставка АВИА,НЕТ,https://docs.google.com/spreadsheets/d/1g3OqMatuW0eGP_sOr202l29yBGX36Vp9DukcJpbexcs
128,"[Просчет] ООО ""КГИ"" / Мерч для конференций (бирки для чемоданов, ремешки)_100-300-500 шт_ВК_КГИ_MegaMind 29-07-2025",17,Ремешок-держатель для куртки 2,12,100,5000,Доставка АВИА,НЕТ,https://docs.google.com/spreadsheets/d/1g3OqMatuW0eGP_sOr202l29yBGX36Vp9DukcJpbexcs
128,"[Просчет] ООО ""КГИ"" / Мерч для конференций (бирки для чемоданов, ремешки)_100-300-500 шт_ВК_КГИ_MegaMind 29-07-2025",17,Ремешок-держатель для куртки 2,12,100,33750,Доставка ЖД,НЕТ,https://docs.google.com/spreadsheets/d/1g3OqMatuW0eGP_sOr202l29yBGX36Vp9DukcJpbexcs
128,"[Просчет] ООО ""КГИ"" / Мерч для конференций (бирки для чемоданов, ремешки)_100-300-500 шт_ВК_КГИ_MegaMind 29-07-2025",17,Ремешок-держатель для куртки 2,12,100,33750,Доставка АВИА,НЕТ,https://docs.google.com/spreadsheets/d/1g3OqMatuW0eGP_sOr202l29yBGX36Vp9DukcJpbexcs
128,"[Просчет] ООО ""КГИ"" / Мерч для конференций (бирки для чемоданов, ремешки)_100-300-500 шт_ВК_КГИ_MegaMind 29-07-2025",18,Бирка на чемодан 2,16,100,1000,Доставка АВИА,ДА,https://docs.google.com/spreadsheets/d/1g3OqMatuW0eGP_sOr202l29yBGX36Vp9DukcJpbexcs
128,"[Просчет] ООО ""КГИ"" / Мерч для конференций (бирки для чемоданов, ремешки)_100-300-500 шт_ВК_КГИ_MegaMind 29-07-2025",18,Бирка на чемодан 2,16,100,3000,Доставка АВИА,НЕТ,https://docs.google.com/spreadsheets/d/1g3OqMatuW0eGP_sOr202l29yBGX36Vp9DukcJpbexcs
128,"[Просчет] ООО ""КГИ"" / Мерч для конференций (бирки для чемоданов, ремешки)_100-300-500 шт_ВК_КГИ_MegaMind 29-07-2025",18,Бирка на чемодан 2,16,100,5000,Доставка АВИА,НЕТ,https://docs.google.com/spreadsheets/d/1g3OqMatuW0eGP_sOr202l29yBGX36Vp9DukcJpbexcs
128,"[Просчет] ООО ""КГИ"" / Мерч для конференций (бирки для чемоданов, ремешки)_100-300-500 шт_ВК_КГИ_MegaMind 29-07-2025",18,Бирка на чемодан 2,16,100,33750,Доставка ЖД,НЕТ,https://docs.google.com/spreadsheets/d/1g3OqMatuW0eGP_sOr202l29yBGX36Vp9DukcJpbexcs
128,"[Просчет] ООО ""КГИ"" / Мерч для конференций (бирки для чемоданов, ремешки)_100-300-500 шт_ВК_КГИ_MegaMind 29-07-2025",18,Бирка на чемодан 2,16,100,33750,Доставка АВИА,НЕТ,https://docs.google.com/spreadsheets/d/1g3OqMatuW0eGP_sOr202l29yBGX36Vp9DukcJpbexcs
128,"[Просчет] ООО ""КГИ"" / Мерч для конференций (бирки для чемоданов, ремешки)_100-300-500 шт_ВК_КГИ_MegaMind 29-07-2025",19,Бирка на чемодан 3,20,100,1000,Доставка АВИА,ДА,https://docs.google.com/spreadsheets/d/1g3OqMatuW0eGP_sOr202l29yBGX36Vp9DukcJpbexcs
128,"[Просчет] ООО ""КГИ"" / Мерч для конференций (бирки для чемоданов, ремешки)_100-300-500 шт_ВК_КГИ_MegaMind 29-07-2025",19,Бирка на чемодан 3,20,100,3000,Доставка АВИА,НЕТ,https://docs.google.com/spreadsheets/d/1g3OqMatuW0eGP_sOr202l29yBGX36Vp9DukcJpbexcs
128,"[Просчет] ООО ""КГИ"" / Мерч для конференций (бирки для чемоданов, ремешки)_100-300-500 шт_ВК_КГИ_MegaMind 29-07-2025",19,Бирка на чемодан 3,20,100,5000,Доставка АВИА,НЕТ,https://docs.google.com/spreadsheets/d/1g3OqMatuW0eGP_sOr202l29yBGX36Vp9DukcJpbexcs
128,"[Просчет] ООО ""КГИ"" / Мерч для конференций (бирки для чемоданов, ремешки)_100-300-500 шт_ВК_КГИ_MegaMind 29-07-2025",19,Бирка на чемодан 3,20,100,33750,Доставка ЖД,НЕТ,https://docs.google.com/spreadsheets/d/1g3OqMatuW0eGP_sOr202l29yBGX36Vp9DukcJpbexcs
128,"[Просчет] ООО ""КГИ"" / Мерч для конференций (бирки для чемоданов, ремешки)_100-300-500 шт_ВК_КГИ_MegaMind 29-07-2025",19,Бирка на чемодан 3,20,100,33750,Доставка АВИА,НЕТ,https://docs.google.com/spreadsheets/d/1g3OqMatuW0eGP_sOr202l29yBGX36Vp9DukcJpbexcs
128,"[Просчет] ООО ""КГИ"" / Мерч для конференций (бирки для чемоданов, ремешки)_100-300-500 шт_ВК_КГИ_MegaMind 29-07-2025",20,Бирка на чемодан 4,24,100,1000,Доставка АВИА,ДА,https://docs.google.com/spreadsheets/d/1g3OqMatuW0eGP_sOr202l29yBGX36Vp9DukcJpbexcs
128,"[Просчет] ООО ""КГИ"" / Мерч для конференций (бирки для чемоданов, ремешки)_100-300-500 шт_ВК_КГИ_MegaMind 29-07-2025",20,Бирка на чемодан 4,24,100,3000,Доставка АВИА,НЕТ,https://docs.google.com/spreadsheets/d/1g3OqMatuW0eGP_sOr202l29yBGX36Vp9DukcJpbexcs
128,"[Просчет] ООО ""КГИ"" / Мерч для конференций (бирки для чемоданов, ремешки)_100-300-500 шт_ВК_КГИ_MegaMind 29-07-2025",20,Бирка на чемодан 4,24,100,5000,Доставка АВИА,НЕТ,https://docs.google.com/spreadsheets/d/1g3OqMatuW0eGP_sOr202l29yBGX36Vp9DukcJpbexcs
128,"[Просчет] ООО ""КГИ"" / Мерч для конференций (бирки для чемоданов, ремешки)_100-300-500 шт_ВК_КГИ_MegaMind 29-07-2025",20,Бирка на чемодан 4,24,100,33750,Доставка ЖД,НЕТ,https://docs.google.com/spreadsheets/d/1g3OqMatuW0eGP_sOr202l29yBGX36Vp9DukcJpbexcs
128,"[Просчет] ООО ""КГИ"" / Мерч для конференций (бирки для чемоданов, ремешки)_100-300-500 шт_ВК_КГИ_MegaMind 29-07-2025",20,Бирка на чемодан 4,24,100,33750,Доставка АВИА,НЕТ,https://docs.google.com/spreadsheets/d/1g3OqMatuW0eGP_sOr202l29yBGX36Vp9DukcJpbexcs
138,"[Просчет-РФ] Яна Иллан Фарфорит ОТП/ Креманки, ложки",23,Дизайн:  лазер,4,300,3000,Доставка ЖД,ДА,https://docs.google.com/spreadsheets/d/1LTXI7maR9jOxTXBMFVVDU4woORSM9EwZhFGz5tUZd1k
138,"[Просчет-РФ] Яна Иллан Фарфорит ОТП/ Креманки, ложки",23,Дизайн:  лазер,4,300,3000,Доставка АВИА,ДА,https://docs.google.com/spreadsheets/d/1LTXI7maR9jOxTXBMFVVDU4woORSM9EwZhFGz5tUZd1k
138,"[Просчет-РФ] Яна Иллан Фарфорит ОТП/ Креманки, ложки",23,Дизайн:  лазер,4,300,5000,Доставка ЖД,НЕТ,https://docs.google.com/spreadsheets/d/1LTXI7maR9jOxTXBMFVVDU4woORSM9EwZhFGz5tUZd1k
138,"[Просчет-РФ] Яна Иллан Фарфорит ОТП/ Креманки, ложки",23,Дизайн:  лазер,4,300,5000,Доставка АВИА,НЕТ,https://docs.google.com/spreadsheets/d/1LTXI7maR9jOxTXBMFVVDU4woORSM9EwZhFGz5tUZd1k
138,"[Просчет-РФ] Яна Иллан Фарфорит ОТП/ Креманки, ложки",23,Дизайн:  лазер,4,300,10000,Доставка ЖД,НЕТ,https://docs.google.com/spreadsheets/d/1LTXI7maR9jOxTXBMFVVDU4woORSM9EwZhFGz5tUZd1k
138,"[Просчет-РФ] Яна Иллан Фарфорит ОТП/ Креманки, ложки",23,Дизайн:  лазер,4,300,10000,Доставка АВИА,НЕТ,https://docs.google.com/spreadsheets/d/1LTXI7maR9jOxTXBMFVVDU4woORSM9EwZhFGz5tUZd1k
138,"[Просчет-РФ] Яна Иллан Фарфорит ОТП/ Креманки, ложки",24,Дизайн:  без брендирования,7,300,3000,Доставка ЖД,ДА,https://docs.google.com/spreadsheets/d/1LTXI7maR9jOxTXBMFVVDU4woORSM9EwZhFGz5tUZd1k
138,"[Просчет-РФ] Яна Иллан Фарфорит ОТП/ Креманки, ложки",24,Дизайн:  без брендирования,7,300,3000,Доставка АВИА,ДА,https://docs.google.com/spreadsheets/d/1LTXI7maR9jOxTXBMFVVDU4woORSM9EwZhFGz5tUZd1k
138,"[Просчет-РФ] Яна Иллан Фарфорит ОТП/ Креманки, ложки",24,Дизайн:  без брендирования,7,300,5000,Доставка ЖД,НЕТ,https://docs.google.com/spreadsheets/d/1LTXI7maR9jOxTXBMFVVDU4woORSM9EwZhFGz5tUZd1k
138,"[Просчет-РФ] Яна Иллан Фарфорит ОТП/ Креманки, ложки",24,Дизайн:  без брендирования,7,300,5000,Доставка АВИА,НЕТ,https://docs.google.com/spreadsheets/d/1LTXI7maR9jOxTXBMFVVDU4woORSM9EwZhFGz5tUZd1k
138,"[Просчет-РФ] Яна Иллан Фарфорит ОТП/ Креманки, ложки",24,Дизайн:  без брендирования,7,300,10000,Доставка ЖД,НЕТ,https://docs.google.com/spreadsheets/d/1LTXI7maR9jOxTXBMFVVDU4woORSM9EwZhFGz5tUZd1k
138,"[Просчет-РФ] Яна Иллан Фарфорит ОТП/ Креманки, ложки",24,Дизайн:  без брендирования,7,300,10000,Доставка АВИА,НЕТ,https://docs.google.com/spreadsheets/d/1LTXI7maR9jOxTXBMFVVDU4woORSM9EwZhFGz5tUZd1k
138,"[Просчет-РФ] Яна Иллан Фарфорит ОТП/ Креманки, ложки",25,Дизайн:  без брендирования,10,300,3000,Доставка ЖД,ДА,https://docs.google.com/spreadsheets/d/1LTXI7maR9jOxTXBMFVVDU4woORSM9EwZhFGz5tUZd1k
138,"[Просчет-РФ] Яна Иллан Фарфорит ОТП/ Креманки, ложки",25,Дизайн:  без брендирования,10,300,3000,Доставка АВИА,ДА,https://docs.google.com/spreadsheets/d/1LTXI7maR9jOxTXBMFVVDU4woORSM9EwZhFGz5tUZd1k
138,"[Просчет-РФ] Яна Иллан Фарфорит ОТП/ Креманки, ложки",25,Дизайн:  без брендирования,10,300,5000,Доставка ЖД,НЕТ,https://docs.google.com/spreadsheets/d/1LTXI7maR9jOxTXBMFVVDU4woORSM9EwZhFGz5tUZd1k
138,"[Просчет-РФ] Яна Иллан Фарфорит ОТП/ Креманки, ложки",25,Дизайн:  без брендирования,10,300,5000,Доставка АВИА,НЕТ,https://docs.google.com/spreadsheets/d/1LTXI7maR9jOxTXBMFVVDU4woORSM9EwZhFGz5tUZd1k
138,"[Просчет-РФ] Яна Иллан Фарфорит ОТП/ Креманки, ложки",25,Дизайн:  без брендирования,10,300,10000,Доставка ЖД,НЕТ,https://docs.google.com/spreadsheets/d/1LTXI7maR9jOxTXBMFVVDU4woORSM9EwZhFGz5tUZd1k
138,"[Просчет-РФ] Яна Иллан Фарфорит ОТП/ Креманки, ложки",25,Дизайн:  без брендирования,10,300,10000,Доставка АВИА,НЕТ,https://docs.google.com/spreadsheets/d/1LTXI7maR9jOxTXBMFVVDU4woORSM9EwZhFGz5tUZd1k
149,[Просчет-РФ] Ланярд+ бэйдж,39,Бейдж с ланьярдом,4,1550,15500,Доставка ЖД,ДА,https://docs.google.com/spreadsheets/d/1Dekn4u3iAfAGTWGI9QPFSW4p5qbV585TEEv1oNHQvug
149,[Просчет-РФ] Ланярд+ бэйдж,39,Бейдж с ланьярдом,4,1550,15500,Доставка АВИА,ДА,https://docs.google.com/spreadsheets/d/1Dekn4u3iAfAGTWGI9QPFSW4p5qbV585TEEv1oNHQvug
149,[Просчет-РФ] Ланярд+ бэйдж,40,Пакет,5,1550,15500,Доставка ЖД,ДА,https://docs.google.com/spreadsheets/d/1Dekn4u3iAfAGTWGI9QPFSW4p5qbV585TEEv1oNHQvug
149,[Просчет-РФ] Ланярд+ бэйдж,40,Пакет,5,1550,15500,Доставка АВИА,ДА,https://docs.google.com/spreadsheets/d/1Dekn4u3iAfAGTWGI9QPFSW4p5qbV585TEEv1oNHQvug
117,[Просчет-РФ] Ekaterina Sergeeva / 03-08-2025,20895,Панама,4,100,500,ЖД,НЕТ,https://docs.google.com/spreadsheets/d/1vDZKVaGrJRklSV96etwEjI1vZwJ5DdXJr4dvjMSJtsQ
117,[Просчет-РФ] Ekaterina Sergeeva / 03-08-2025,20895,Панама,4,100,1000,ЖД,ДА,https://docs.google.com/spreadsheets/d/1vDZKVaGrJRklSV96etwEjI1vZwJ5DdXJr4dvjMSJtsQ
117,[Просчет-РФ] Ekaterina Sergeeva / 03-08-2025,20896,Павер,7,100,1000,ЖД,ДА,https://docs.google.com/spreadsheets/d/1vDZKVaGrJRklSV96etwEjI1vZwJ5DdXJr4dvjMSJtsQ
117,[Просчет-РФ] Ekaterina Sergeeva / 03-08-2025,20897,Веер,9,300,300,ЖД,НЕТ,https://docs.google.com/spreadsheets/d/1vDZKVaGrJRklSV96etwEjI1vZwJ5DdXJr4dvjMSJtsQ
117,[Просчет-РФ] Ekaterina Sergeeva / 03-08-2025,20897,Веер,9,300,1000,ЖД,НЕТ,https://docs.google.com/spreadsheets/d/1vDZKVaGrJRklSV96etwEjI1vZwJ5DdXJr4dvjMSJtsQ
117,[Просчет-РФ] Ekaterina Sergeeva / 03-08-2025,20897,Веер,9,300,3000,ЖД,ДА,https://docs.google.com/spreadsheets/d/1vDZKVaGrJRklSV96etwEjI1vZwJ5DdXJr4dvjMSJtsQ
117,[Просчет-РФ] Ekaterina Sergeeva / 03-08-2025,20898,Переносная пенка-сидушка,12,1000,1000,ЖД,НЕТ,https://docs.google.com/spreadsheets/d/1vDZKVaGrJRklSV96etwEjI1vZwJ5DdXJr4dvjMSJtsQ
117,[Просчет-РФ] Ekaterina Sergeeva / 03-08-2025,20898,Переносная пенка-сидушка,12,1000,3000,ЖД,НЕТ,https://docs.google.com/spreadsheets/d/1vDZKVaGrJRklSV96etwEjI1vZwJ5DdXJr4dvjMSJtsQ
117,[Просчет-РФ] Ekaterina Sergeeva / 03-08-2025,20899,Обвес,14,1000,1000,ЖД,НЕТ,https://docs.google.com/spreadsheets/d/1vDZKVaGrJRklSV96etwEjI1vZwJ5DdXJr4dvjMSJtsQ
117,[Просчет-РФ] Ekaterina Sergeeva / 03-08-2025,20899,Обвес,14,1000,3000,ЖД,НЕТ,https://docs.google.com/spreadsheets/d/1vDZKVaGrJRklSV96etwEjI1vZwJ5DdXJr4dvjMSJtsQ
117,[Просчет-РФ] Ekaterina Sergeeva / 03-08-2025,20900,заколки,16,1000,1000,ЖД,НЕТ,https://docs.google.com/spreadsheets/d/1vDZKVaGrJRklSV96etwEjI1vZwJ5DdXJr4dvjMSJtsQ
117,[Просчет-РФ] Ekaterina Sergeeva / 03-08-2025,20900,заколки,16,1000,3000,ЖД,НЕТ,https://docs.google.com/spreadsheets/d/1vDZKVaGrJRklSV96etwEjI1vZwJ5DdXJr4dvjMSJtsQ
117,[Просчет-РФ] Ekaterina Sergeeva / 03-08-2025,20901,Шнурок для телефона,18,300,300,ЖД,НЕТ,https://docs.google.com/spreadsheets/d/1vDZKVaGrJRklSV96etwEjI1vZwJ5DdXJr4dvjMSJtsQ
117,[Просчет-РФ] Ekaterina Sergeeva / 03-08-2025,20901,Шнурок для телефона,18,300,1000,ЖД,НЕТ,https://docs.google.com/spreadsheets/d/1vDZKVaGrJRklSV96etwEjI1vZwJ5DdXJr4dvjMSJtsQ
117,[Просчет-РФ] Ekaterina Sergeeva / 03-08-2025,20901,Шнурок для телефона,18,300,3000,ЖД,ДА,https://docs.google.com/spreadsheets/d/1vDZKVaGrJRklSV96etwEjI1vZwJ5DdXJr4dvjMSJtsQ
271,[Просчет] Екатерина Кожаева / Расчет_палитра ПСБ_тиражи от 9 шт до 10000 шт_ПСБ_КГИ 25-08-2025,14872,чехол для ноутбука,4,300,300,ЖД,НЕТ,https://docs.google.com/spreadsheets/d/1GOEdLTlzobfJ7MvWjDqHHG82ItFvgeTImF5i-1c3ISg
271,[Просчет] Екатерина Кожаева / Расчет_палитра ПСБ_тиражи от 9 шт до 10000 шт_ПСБ_КГИ 25-08-2025,14872,чехол для ноутбука,4,300,300,АВИА,НЕТ,https://docs.google.com/spreadsheets/d/1GOEdLTlzobfJ7MvWjDqHHG82ItFvgeTImF5i-1c3ISg
271,[Просчет] Екатерина Кожаева / Расчет_палитра ПСБ_тиражи от 9 шт до 10000 шт_ПСБ_КГИ 25-08-2025,14872,чехол для ноутбука,4,300,500,ЖД,НЕТ,https://docs.google.com/spreadsheets/d/1GOEdLTlzobfJ7MvWjDqHHG82ItFvgeTImF5i-1c3ISg
271,[Просчет] Екатерина Кожаева / Расчет_палитра ПСБ_тиражи от 9 шт до 10000 шт_ПСБ_КГИ 25-08-2025,14872,чехол для ноутбука,4,300,500,АВИА,НЕТ,https://docs.google.com/spreadsheets/d/1GOEdLTlzobfJ7MvWjDqHHG82ItFvgeTImF5i-1c3ISg
271,[Просчет] Екатерина Кожаева / Расчет_палитра ПСБ_тиражи от 9 шт до 10000 шт_ПСБ_КГИ 25-08-2025,14872,чехол для ноутбука,4,300,1000,АВИА,НЕТ,https://docs.google.com/spreadsheets/d/1GOEdLTlzobfJ7MvWjDqHHG82ItFvgeTImF5i-1c3ISg
271,[Просчет] Екатерина Кожаева / Расчет_палитра ПСБ_тиражи от 9 шт до 10000 шт_ПСБ_КГИ 25-08-2025,14872,чехол для ноутбука,4,300,3000,ЖД,ДА,https://docs.google.com/spreadsheets/d/1GOEdLTlzobfJ7MvWjDqHHG82ItFvgeTImF5i-1c3ISg
271,[Просчет] Екатерина Кожаева / Расчет_палитра ПСБ_тиражи от 9 шт до 10000 шт_ПСБ_КГИ 25-08-2025,14872,чехол для ноутбука,4,300,3000,АВИА,ДА,https://docs.google.com/spreadsheets/d/1GOEdLTlzobfJ7MvWjDqHHG82ItFvgeTImF5i-1c3ISg
271,[Просчет] Екатерина Кожаева / Расчет_палитра ПСБ_тиражи от 9 шт до 10000 шт_ПСБ_КГИ 25-08-2025,14872,чехол для ноутбука,4,300,5000,ЖД,НЕТ,https://docs.google.com/spreadsheets/d/1GOEdLTlzobfJ7MvWjDqHHG82ItFvgeTImF5i-1c3ISg
271,[Просчет] Екатерина Кожаева / Расчет_палитра ПСБ_тиражи от 9 шт до 10000 шт_ПСБ_КГИ 25-08-2025,14872,чехол для ноутбука,4,300,5000,АВИА,НЕТ,https://docs.google.com/spreadsheets/d/1GOEdLTlzobfJ7MvWjDqHHG82ItFvgeTImF5i-1c3ISg
271,[Просчет] Екатерина Кожаева / Расчет_палитра ПСБ_тиражи от 9 шт до 10000 шт_ПСБ_КГИ 25-08-2025,14872,чехол для ноутбука,4,300,10000,ЖД,НЕТ,https://docs.google.com/spreadsheets/d/1GOEdLTlzobfJ7MvWjDqHHG82ItFvgeTImF5i-1c3ISg
271,[Просчет] Екатерина Кожаева / Расчет_палитра ПСБ_тиражи от 9 шт до 10000 шт_ПСБ_КГИ 25-08-2025,14872,чехол для ноутбука,4,300,10000,АВИА,НЕТ,https://docs.google.com/spreadsheets/d/1GOEdLTlzobfJ7MvWjDqHHG82ItFvgeTImF5i-1c3ISg
271,[Просчет] Екатерина Кожаева / Расчет_палитра ПСБ_тиражи от 9 шт до 10000 шт_ПСБ_КГИ 25-08-2025,14873,чехол для ноутбука,10,300,300,ЖД,НЕТ,https://docs.google.com/spreadsheets/d/1GOEdLTlzobfJ7MvWjDqHHG82ItFvgeTImF5i-1c3ISg
271,[Просчет] Екатерина Кожаева / Расчет_палитра ПСБ_тиражи от 9 шт до 10000 шт_ПСБ_КГИ 25-08-2025,14873,чехол для ноутбука,10,300,300,АВИА,НЕТ,https://docs.google.com/spreadsheets/d/1GOEdLTlzobfJ7MvWjDqHHG82ItFvgeTImF5i-1c3ISg
271,[Просчет] Екатерина Кожаева / Расчет_палитра ПСБ_тиражи от 9 шт до 10000 шт_ПСБ_КГИ 25-08-2025,14873,чехол для ноутбука,10,300,500,ЖД,НЕТ,https://docs.google.com/spreadsheets/d/1GOEdLTlzobfJ7MvWjDqHHG82ItFvgeTImF5i-1c3ISg
271,[Просчет] Екатерина Кожаева / Расчет_палитра ПСБ_тиражи от 9 шт до 10000 шт_ПСБ_КГИ 25-08-2025,14873,чехол для ноутбука,10,300,500,АВИА,НЕТ,https://docs.google.com/spreadsheets/d/1GOEdLTlzobfJ7MvWjDqHHG82ItFvgeTImF5i-1c3ISg
271,[Просчет] Екатерина Кожаева / Расчет_палитра ПСБ_тиражи от 9 шт до 10000 шт_ПСБ_КГИ 25-08-2025,14873,чехол для ноутбука,10,300,1000,ЖД,НЕТ,https://docs.google.com/spreadsheets/d/1GOEdLTlzobfJ7MvWjDqHHG82ItFvgeTImF5i-1c3ISg
271,[Просчет] Екатерина Кожаева / Расчет_палитра ПСБ_тиражи от 9 шт до 10000 шт_ПСБ_КГИ 25-08-2025,14873,чехол для ноутбука,10,300,1000,АВИА,НЕТ,https://docs.google.com/spreadsheets/d/1GOEdLTlzobfJ7MvWjDqHHG82ItFvgeTImF5i-1c3ISg
271,[Просчет] Екатерина Кожаева / Расчет_палитра ПСБ_тиражи от 9 шт до 10000 шт_ПСБ_КГИ 25-08-2025,14873,чехол для ноутбука,10,300,3000,ЖД,ДА,https://docs.google.com/spreadsheets/d/1GOEdLTlzobfJ7MvWjDqHHG82ItFvgeTImF5i-1c3ISg
271,[Просчет] Екатерина Кожаева / Расчет_палитра ПСБ_тиражи от 9 шт до 10000 шт_ПСБ_КГИ 25-08-2025,14873,чехол для ноутбука,10,300,3000,АВИА,ДА,https://docs.google.com/spreadsheets/d/1GOEdLTlzobfJ7MvWjDqHHG82ItFvgeTImF5i-1c3ISg
271,[Просчет] Екатерина Кожаева / Расчет_палитра ПСБ_тиражи от 9 шт до 10000 шт_ПСБ_КГИ 25-08-2025,14873,чехол для ноутбука,10,300,5000,ЖД,НЕТ,https://docs.google.com/spreadsheets/d/1GOEdLTlzobfJ7MvWjDqHHG82ItFvgeTImF5i-1c3ISg
271,[Просчет] Екатерина Кожаева / Расчет_палитра ПСБ_тиражи от 9 шт до 10000 шт_ПСБ_КГИ 25-08-2025,14873,чехол для ноутбука,10,300,5000,АВИА,НЕТ,https://docs.google.com/spreadsheets/d/1GOEdLTlzobfJ7MvWjDqHHG82ItFvgeTImF5i-1c3ISg
271,[Просчет] Екатерина Кожаева / Расчет_палитра ПСБ_тиражи от 9 шт до 10000 шт_ПСБ_КГИ 25-08-2025,14873,чехол для ноутбука,10,300,10000,ЖД,НЕТ,https://docs.google.com/spreadsheets/d/1GOEdLTlzobfJ7MvWjDqHHG82ItFvgeTImF5i-1c3ISg
271,[Просчет] Екатерина Кожаева / Расчет_палитра ПСБ_тиражи от 9 шт до 10000 шт_ПСБ_КГИ 25-08-2025,14873,чехол для ноутбука,10,300,10000,АВИА,НЕТ,https://docs.google.com/spreadsheets/d/1GOEdLTlzobfJ7MvWjDqHHG82ItFvgeTImF5i-1c3ISg
334,[Просчет-РФ] Лига Цифровой Экономики/Подарки для МВД,326,Шар с гравировкой,4,200,2000,Доставка ЖД,ДА,https://docs.google.com/spreadsheets/d/10RO9HW5vKd8ukaye4dr1G3Q8tDmehco94_5cCjPXYu8
334,[Просчет-РФ] Лига Цифровой Экономики/Подарки для МВД,326,Шар с гравировкой,4,200,2000,Доставка АВИА,ДА,https://docs.google.com/spreadsheets/d/10RO9HW5vKd8ukaye4dr1G3Q8tDmehco94_5cCjPXYu8
334,[Просчет-РФ] Лига Цифровой Экономики/Подарки для МВД,327,Шар с гравировкой,7,200,2000,Доставка ЖД,ДА,https://docs.google.com/spreadsheets/d/10RO9HW5vKd8ukaye4dr1G3Q8tDmehco94_5cCjPXYu8
334,[Просчет-РФ] Лига Цифровой Экономики/Подарки для МВД,327,Шар с гравировкой,7,200,2000,Доставка АВИА,ДА,https://docs.google.com/spreadsheets/d/10RO9HW5vKd8ukaye4dr1G3Q8tDmehco94_5cCjPXYu8
122,"[Просчет] Полина Вальницкая / Расчет_ежедневники с голографической обложкой 100, 500, 1000шт_Совкомбанк_КГИ_ММ 29-07-2025",14708,Ежедневник,4,100,500,ЖД,НЕТ,https://docs.google.com/spreadsheets/d/1GQc5DFWvJMVjMefgfvYwwiNctOzby_216wnFu0eGT1A
122,"[Просчет] Полина Вальницкая / Расчет_ежедневники с голографической обложкой 100, 500, 1000шт_Совкомбанк_КГИ_ММ 29-07-2025",14708,Ежедневник,4,100,500,АВИА,НЕТ,https://docs.google.com/spreadsheets/d/1GQc5DFWvJMVjMefgfvYwwiNctOzby_216wnFu0eGT1A
122,"[Просчет] Полина Вальницкая / Расчет_ежедневники с голографической обложкой 100, 500, 1000шт_Совкомбанк_КГИ_ММ 29-07-2025",14708,Ежедневник,4,100,1000,ЖД,ДА,https://docs.google.com/spreadsheets/d/1GQc5DFWvJMVjMefgfvYwwiNctOzby_216wnFu0eGT1A
122,"[Просчет] Полина Вальницкая / Расчет_ежедневники с голографической обложкой 100, 500, 1000шт_Совкомбанк_КГИ_ММ 29-07-2025",14708,Ежедневник,4,100,1000,АВИА,ДА,https://docs.google.com/spreadsheets/d/1GQc5DFWvJMVjMefgfvYwwiNctOzby_216wnFu0eGT1A
122,"[Просчет] Полина Вальницкая / Расчет_ежедневники с голографической обложкой 100, 500, 1000шт_Совкомбанк_КГИ_ММ 29-07-2025",14709,Ежедневник,7,100,500,ЖД,НЕТ,https://docs.google.com/spreadsheets/d/1GQc5DFWvJMVjMefgfvYwwiNctOzby_216wnFu0eGT1A
122,"[Просчет] Полина Вальницкая / Расчет_ежедневники с голографической обложкой 100, 500, 1000шт_Совкомбанк_КГИ_ММ 29-07-2025",14709,Ежедневник,7,100,500,АВИА,НЕТ,https://docs.google.com/spreadsheets/d/1GQc5DFWvJMVjMefgfvYwwiNctOzby_216wnFu0eGT1A
122,"[Просчет] Полина Вальницкая / Расчет_ежедневники с голографической обложкой 100, 500, 1000шт_Совкомбанк_КГИ_ММ 29-07-2025",14709,Ежедневник,7,100,1000,ЖД,ДА,https://docs.google.com/spreadsheets/d/1GQc5DFWvJMVjMefgfvYwwiNctOzby_216wnFu0eGT1A
122,"[Просчет] Полина Вальницкая / Расчет_ежедневники с голографической обложкой 100, 500, 1000шт_Совкомбанк_КГИ_ММ 29-07-2025",14709,Ежедневник,7,100,1000,АВИА,ДА,https://docs.google.com/spreadsheets/d/1GQc5DFWvJMVjMefgfvYwwiNctOzby_216wnFu0eGT1A
132,[Просчет] Ольга Стародубцева Иллан / Рюкзак_МТС Бизнес_КГИ_ММ 28-07-2025,21,"Материал: мембранная ткань
Размер: по образцу
Цвет: №74
Фурнитура, молния: в цвет основного материала
Пуллер: черный цвет
Примечание: молния YKK, оригинал",4,300,3000,Доставка ЖД,ДА,https://docs.google.com/spreadsheets/d/1NuGGoAMub1GLzJRIvekIgKYHmHV0mm0Whr7Vd5FzQ3E
132,[Просчет] Ольга Стародубцева Иллан / Рюкзак_МТС Бизнес_КГИ_ММ 28-07-2025,21,"Материал: мембранная ткань
Размер: по образцу
Цвет: №74
Фурнитура, молния: в цвет основного материала
Пуллер: черный цвет
Примечание: молния YKK, оригинал",4,300,3000,Доставка АВИА,ДА,https://docs.google.com/spreadsheets/d/1NuGGoAMub1GLzJRIvekIgKYHmHV0mm0Whr7Vd5FzQ3E
132,[Просчет] Ольга Стародубцева Иллан / Рюкзак_МТС Бизнес_КГИ_ММ 28-07-2025,22,Примечание: обычная молния,5,300,3000,Доставка ЖД,ДА,https://docs.google.com/spreadsheets/d/1NuGGoAMub1GLzJRIvekIgKYHmHV0mm0Whr7Vd5FzQ3E
132,[Просчет] Ольга Стародубцева Иллан / Рюкзак_МТС Бизнес_КГИ_ММ 28-07-2025,22,Примечание: обычная молния,5,300,3000,Доставка АВИА,ДА,https://docs.google.com/spreadsheets/d/1NuGGoAMub1GLzJRIvekIgKYHmHV0mm0Whr7Vd5FzQ3E
169,[Просчет] ООО Кастомлаб / Мягкие игрушки АльфаБанк 22-07-2025,74,Игрушка 1,4,1000,10000,Доставка ЖД,ДА,https://docs.google.com/spreadsheets/d/15JStZdI4pfDOqhAWHJebJV3toE7EMHsypzflqb4hob0
169,[Просчет] ООО Кастомлаб / Мягкие игрушки АльфаБанк 22-07-2025,74,Игрушка 1,4,1000,10000,Доставка АВИА,ДА,https://docs.google.com/spreadsheets/d/15JStZdI4pfDOqhAWHJebJV3toE7EMHsypzflqb4hob0
169,[Просчет] ООО Кастомлаб / Мягкие игрушки АльфаБанк 22-07-2025,74,Игрушка 1,4,1000,30000,Доставка ЖД,НЕТ,https://docs.google.com/spreadsheets/d/15JStZdI4pfDOqhAWHJebJV3toE7EMHsypzflqb4hob0
169,[Просчет] ООО Кастомлаб / Мягкие игрушки АльфаБанк 22-07-2025,74,Игрушка 1,4,1000,30000,Доставка АВИА,НЕТ,https://docs.google.com/spreadsheets/d/15JStZdI4pfDOqhAWHJebJV3toE7EMHsypzflqb4hob0
169,[Просчет] ООО Кастомлаб / Мягкие игрушки АльфаБанк 22-07-2025,74,Игрушка 1,4,1000,50000,Доставка ЖД,НЕТ,https://docs.google.com/spreadsheets/d/15JStZdI4pfDOqhAWHJebJV3toE7EMHsypzflqb4hob0
169,[Просчет] ООО Кастомлаб / Мягкие игрушки АльфаБанк 22-07-2025,74,Игрушка 1,4,1000,50000,Доставка АВИА,НЕТ,https://docs.google.com/spreadsheets/d/15JStZdI4pfDOqhAWHJebJV3toE7EMHsypzflqb4hob0
169,[Просчет] ООО Кастомлаб / Мягкие игрушки АльфаБанк 22-07-2025,74,Игрушка 1,4,1000,100000,Доставка ЖД,НЕТ,https://docs.google.com/spreadsheets/d/15JStZdI4pfDOqhAWHJebJV3toE7EMHsypzflqb4hob0
169,[Просчет] ООО Кастомлаб / Мягкие игрушки АльфаБанк 22-07-2025,74,Игрушка 1,4,1000,100000,Доставка АВИА,НЕТ,https://docs.google.com/spreadsheets/d/15JStZdI4pfDOqhAWHJebJV3toE7EMHsypzflqb4hob0
169,[Просчет] ООО Кастомлаб / Мягкие игрушки АльфаБанк 22-07-2025,75,Игрушка 2,8,1000,10000,Доставка ЖД,ДА,https://docs.google.com/spreadsheets/d/15JStZdI4pfDOqhAWHJebJV3toE7EMHsypzflqb4hob0
169,[Просчет] ООО Кастомлаб / Мягкие игрушки АльфаБанк 22-07-2025,75,Игрушка 2,8,1000,10000,Доставка АВИА,ДА,https://docs.google.com/spreadsheets/d/15JStZdI4pfDOqhAWHJebJV3toE7EMHsypzflqb4hob0
169,[Просчет] ООО Кастомлаб / Мягкие игрушки АльфаБанк 22-07-2025,75,Игрушка 2,8,1000,30000,Доставка ЖД,НЕТ,https://docs.google.com/spreadsheets/d/15JStZdI4pfDOqhAWHJebJV3toE7EMHsypzflqb4hob0
169,[Просчет] ООО Кастомлаб / Мягкие игрушки АльфаБанк 22-07-2025,75,Игрушка 2,8,1000,30000,Доставка АВИА,НЕТ,https://docs.google.com/spreadsheets/d/15JStZdI4pfDOqhAWHJebJV3toE7EMHsypzflqb4hob0
169,[Просчет] ООО Кастомлаб / Мягкие игрушки АльфаБанк 22-07-2025,75,Игрушка 2,8,1000,50000,Доставка ЖД,НЕТ,https://docs.google.com/spreadsheets/d/15JStZdI4pfDOqhAWHJebJV3toE7EMHsypzflqb4hob0
169,[Просчет] ООО Кастомлаб / Мягкие игрушки АльфаБанк 22-07-2025,75,Игрушка 2,8,1000,50000,Доставка АВИА,НЕТ,https://docs.google.com/spreadsheets/d/15JStZdI4pfDOqhAWHJebJV3toE7EMHsypzflqb4hob0
169,[Просчет] ООО Кастомлаб / Мягкие игрушки АльфаБанк 22-07-2025,75,Игрушка 2,8,1000,100000,Доставка ЖД,НЕТ,https://docs.google.com/spreadsheets/d/15JStZdI4pfDOqhAWHJebJV3toE7EMHsypzflqb4hob0
169,[Просчет] ООО Кастомлаб / Мягкие игрушки АльфаБанк 22-07-2025,75,Игрушка 2,8,1000,100000,Доставка АВИА,НЕТ,https://docs.google.com/spreadsheets/d/15JStZdI4pfDOqhAWHJebJV3toE7EMHsypzflqb4hob0
153,[Просчет] Екатерина Елагина / востокцемент 800 шт 24-07-2025,41,Елочный шар,4,800,8000,Доставка ЖД,ДА,https://docs.google.com/spreadsheets/d/1CrNNVnXSTdrtXdsddU61poLlaSTHWRaa1og536vUQYA
153,[Просчет] Екатерина Елагина / востокцемент 800 шт 24-07-2025,41,Елочный шар,4,800,8000,Доставка АВИА,ДА,https://docs.google.com/spreadsheets/d/1CrNNVnXSTdrtXdsddU61poLlaSTHWRaa1og536vUQYA
153,[Просчет] Екатерина Елагина / востокцемент 800 шт 24-07-2025,42,Подсвечник,5,800,8000,Доставка ЖД,ДА,https://docs.google.com/spreadsheets/d/1CrNNVnXSTdrtXdsddU61poLlaSTHWRaa1og536vUQYA
153,[Просчет] Екатерина Елагина / востокцемент 800 шт 24-07-2025,42,Подсвечник,5,800,8000,Доставка АВИА,ДА,https://docs.google.com/spreadsheets/d/1CrNNVnXSTdrtXdsddU61poLlaSTHWRaa1og536vUQYA
162,[Просчет] Екатерина Елагина / елочные игрушки ромб 22-07-2025,63,Елочная игрушка,4,700,7000,Доставка ЖД,ДА,https://docs.google.com/spreadsheets/d/1yAaSS14phTP1AmTGef3v5L2sTjuK-x7tAeA7bsK-P3A
162,[Просчет] Екатерина Елагина / елочные игрушки ромб 22-07-2025,63,Елочная игрушка,4,700,7000,Доставка АВИА,ДА,https://docs.google.com/spreadsheets/d/1yAaSS14phTP1AmTGef3v5L2sTjuK-x7tAeA7bsK-P3A
162,[Просчет] Екатерина Елагина / елочные игрушки ромб 22-07-2025,63,Елочная игрушка,4,700,14000,Доставка ЖД,НЕТ,https://docs.google.com/spreadsheets/d/1yAaSS14phTP1AmTGef3v5L2sTjuK-x7tAeA7bsK-P3A
162,[Просчет] Екатерина Елагина / елочные игрушки ромб 22-07-2025,63,Елочная игрушка,4,700,14000,Доставка АВИА,НЕТ,https://docs.google.com/spreadsheets/d/1yAaSS14phTP1AmTGef3v5L2sTjuK-x7tAeA7bsK-P3A
161,[Просчет] Михалева Екатерина / Ежедневник Olimbet 23-07-2025,62,"Дизайн:  Уф печать по всей площади обложки. Блок недатир, кремовый, печать 1+1,",4,500,5000,Доставка ЖД,ДА,https://docs.google.com/spreadsheets/d/1MX64VGTogTrsz_W1uc2YAm7bKAtOr4mDq-0THPIUHeY
161,[Просчет] Михалева Екатерина / Ежедневник Olimbet 23-07-2025,62,"Дизайн:  Уф печать по всей площади обложки. Блок недатир, кремовый, печать 1+1,",4,500,5000,Доставка АВИА,ДА,https://docs.google.com/spreadsheets/d/1MX64VGTogTrsz_W1uc2YAm7bKAtOr4mDq-0THPIUHeY
161,[Просчет] Михалева Екатерина / Ежедневник Olimbet 23-07-2025,62,"Дизайн:  Уф печать по всей площади обложки. Блок недатир, кремовый, печать 1+1,",4,500,70000,Доставка ЖД,НЕТ,https://docs.google.com/spreadsheets/d/1MX64VGTogTrsz_W1uc2YAm7bKAtOr4mDq-0THPIUHeY
161,[Просчет] Михалева Екатерина / Ежедневник Olimbet 23-07-2025,62,"Дизайн:  Уф печать по всей площади обложки. Блок недатир, кремовый, печать 1+1,",4,500,70000,Доставка АВИА,НЕТ,https://docs.google.com/spreadsheets/d/1MX64VGTogTrsz_W1uc2YAm7bKAtOr4mDq-0THPIUHeY
85,[Просчет-РФ] Лампы,6,Портативная лампа для кемпинга с колонкой,4,2000,20000,Доставка ЖД,ДА,https://docs.google.com/spreadsheets/d/1D9Wk9TV-nc-Cq7Eic83-6MQ4G13xy4MUCLhdOCVKzAw
85,[Просчет-РФ] Лампы,6,Портативная лампа для кемпинга с колонкой,4,2000,20000,Доставка АВИА,ДА,https://docs.google.com/spreadsheets/d/1D9Wk9TV-nc-Cq7Eic83-6MQ4G13xy4MUCLhdOCVKzAw
330,[Просчет-РФ] Ложечки с изменением цвета от холода_сток_810 шт,325,Дизайн: без брендирования,4,810,8100,Доставка ЖД,ДА,https://docs.google.com/spreadsheets/d/1s4D33TEj6gwOS3U05QaC1pC653SmAmxEclSjlSemX8Y
330,[Просчет-РФ] Ложечки с изменением цвета от холода_сток_810 шт,325,Дизайн: без брендирования,4,810,8100,Доставка АВИА,ДА,https://docs.google.com/spreadsheets/d/1s4D33TEj6gwOS3U05QaC1pC653SmAmxEclSjlSemX8Y
65,[Просчет] МТС / Лампа 1000 шт 15-08-2025,14539,Лампа,4,100,300,ЖД,НЕТ,https://docs.google.com/spreadsheets/d/1L8-U_DyRV1HEZ3aKGhU8Jg2sZpQLsWjEYPOcVrR0kCA
65,[Просчет] МТС / Лампа 1000 шт 15-08-2025,14539,Лампа,4,100,300,АВИА,НЕТ,https://docs.google.com/spreadsheets/d/1L8-U_DyRV1HEZ3aKGhU8Jg2sZpQLsWjEYPOcVrR0kCA
65,[Просчет] МТС / Лампа 1000 шт 15-08-2025,14539,Лампа,4,100,500,ЖД,НЕТ,https://docs.google.com/spreadsheets/d/1L8-U_DyRV1HEZ3aKGhU8Jg2sZpQLsWjEYPOcVrR0kCA
65,[Просчет] МТС / Лампа 1000 шт 15-08-2025,14539,Лампа,4,100,500,АВИА,НЕТ,https://docs.google.com/spreadsheets/d/1L8-U_DyRV1HEZ3aKGhU8Jg2sZpQLsWjEYPOcVrR0kCA
65,[Просчет] МТС / Лампа 1000 шт 15-08-2025,14539,Лампа,4,100,1000,ЖД,ДА,https://docs.google.com/spreadsheets/d/1L8-U_DyRV1HEZ3aKGhU8Jg2sZpQLsWjEYPOcVrR0kCA
65,[Просчет] МТС / Лампа 1000 шт 15-08-2025,14539,Лампа,4,100,1000,АВИА,ДА,https://docs.google.com/spreadsheets/d/1L8-U_DyRV1HEZ3aKGhU8Jg2sZpQLsWjEYPOcVrR0kCA
98,"[Просчет] ООО ""ПИКЬЮ ГРУПП"" / Сквиш антистресс в виде домика 06-08-2025",14646,Антистресс,4,1000,1000,ЖД,НЕТ,https://docs.google.com/spreadsheets/d/1KK-RQTYnW2dQzMv6QbuUVfVARhqgL4Bu-lFC848kMQI
98,"[Просчет] ООО ""ПИКЬЮ ГРУПП"" / Сквиш антистресс в виде домика 06-08-2025",14646,Антистресс,4,1000,1000,АВИА,НЕТ,https://docs.google.com/spreadsheets/d/1KK-RQTYnW2dQzMv6QbuUVfVARhqgL4Bu-lFC848kMQI
98,"[Просчет] ООО ""ПИКЬЮ ГРУПП"" / Сквиш антистресс в виде домика 06-08-2025",14646,Антистресс,4,1000,2000,ЖД,НЕТ,https://docs.google.com/spreadsheets/d/1KK-RQTYnW2dQzMv6QbuUVfVARhqgL4Bu-lFC848kMQI
98,"[Просчет] ООО ""ПИКЬЮ ГРУПП"" / Сквиш антистресс в виде домика 06-08-2025",14646,Антистресс,4,1000,2000,АВИА,НЕТ,https://docs.google.com/spreadsheets/d/1KK-RQTYnW2dQzMv6QbuUVfVARhqgL4Bu-lFC848kMQI
98,"[Просчет] ООО ""ПИКЬЮ ГРУПП"" / Сквиш антистресс в виде домика 06-08-2025",14646,Антистресс,4,1000,5000,ЖД,НЕТ,https://docs.google.com/spreadsheets/d/1KK-RQTYnW2dQzMv6QbuUVfVARhqgL4Bu-lFC848kMQI
98,"[Просчет] ООО ""ПИКЬЮ ГРУПП"" / Сквиш антистресс в виде домика 06-08-2025",14646,Антистресс,4,1000,5000,АВИА,НЕТ,https://docs.google.com/spreadsheets/d/1KK-RQTYnW2dQzMv6QbuUVfVARhqgL4Bu-lFC848kMQI
98,"[Просчет] ООО ""ПИКЬЮ ГРУПП"" / Сквиш антистресс в виде домика 06-08-2025",14646,Антистресс,4,1000,10000,ЖД,ДА,https://docs.google.com/spreadsheets/d/1KK-RQTYnW2dQzMv6QbuUVfVARhqgL4Bu-lFC848kMQI
98,"[Просчет] ООО ""ПИКЬЮ ГРУПП"" / Сквиш антистресс в виде домика 06-08-2025",14646,Антистресс,4,1000,10000,АВИА,ДА,https://docs.google.com/spreadsheets/d/1KK-RQTYnW2dQzMv6QbuUVfVARhqgL4Bu-lFC848kMQI
144,[Просчет-РФ] Лаура Иллан /Ремувка,26,Ремувка,4,500,5000,Доставка ЖД,ДА,https://docs.google.com/spreadsheets/d/1J2YJ5PQnJLgfrZP_G41a8fIyo9iNfBuWsdXMfLJItzk
144,[Просчет-РФ] Лаура Иллан /Ремувка,27,Ремувка,5,500,5000,Доставка ЖД,ДА,https://docs.google.com/spreadsheets/d/1J2YJ5PQnJLgfrZP_G41a8fIyo9iNfBuWsdXMfLJItzk
152,"[Просчет-РФ] Запрос на ланьряды, сумки и шнурки.000006044 к НГ",14787,Ланьярд,4,500,500,ЖД,НЕТ,https://docs.google.com/spreadsheets/d/1VW8ynZ9Ee63DuB4UMYXCWIOTPgk7-pa4EQ7TbUxeCU8
152,"[Просчет-РФ] Запрос на ланьряды, сумки и шнурки.000006044 к НГ",14787,Ланьярд,4,500,500,АВИА,НЕТ,https://docs.google.com/spreadsheets/d/1VW8ynZ9Ee63DuB4UMYXCWIOTPgk7-pa4EQ7TbUxeCU8
152,"[Просчет-РФ] Запрос на ланьряды, сумки и шнурки.000006044 к НГ",14787,Ланьярд,4,500,1000,ЖД,НЕТ,https://docs.google.com/spreadsheets/d/1VW8ynZ9Ee63DuB4UMYXCWIOTPgk7-pa4EQ7TbUxeCU8
152,"[Просчет-РФ] Запрос на ланьряды, сумки и шнурки.000006044 к НГ",14787,Ланьярд,4,500,1000,АВИА,НЕТ,https://docs.google.com/spreadsheets/d/1VW8ynZ9Ee63DuB4UMYXCWIOTPgk7-pa4EQ7TbUxeCU8
152,"[Просчет-РФ] Запрос на ланьряды, сумки и шнурки.000006044 к НГ",14787,Ланьярд,4,500,5000,ЖД,ДА,https://docs.google.com/spreadsheets/d/1VW8ynZ9Ee63DuB4UMYXCWIOTPgk7-pa4EQ7TbUxeCU8
152,"[Просчет-РФ] Запрос на ланьряды, сумки и шнурки.000006044 к НГ",14787,Ланьярд,4,500,5000,АВИА,ДА,https://docs.google.com/spreadsheets/d/1VW8ynZ9Ee63DuB4UMYXCWIOTPgk7-pa4EQ7TbUxeCU8
152,"[Просчет-РФ] Запрос на ланьряды, сумки и шнурки.000006044 к НГ",14787,Ланьярд,4,500,10000,ЖД,НЕТ,https://docs.google.com/spreadsheets/d/1VW8ynZ9Ee63DuB4UMYXCWIOTPgk7-pa4EQ7TbUxeCU8
152,"[Просчет-РФ] Запрос на ланьряды, сумки и шнурки.000006044 к НГ",14787,Ланьярд,4,500,10000,АВИА,НЕТ,https://docs.google.com/spreadsheets/d/1VW8ynZ9Ee63DuB4UMYXCWIOTPgk7-pa4EQ7TbUxeCU8
152,"[Просчет-РФ] Запрос на ланьряды, сумки и шнурки.000006044 к НГ",14787,Ланьярд,4,500,30000,ЖД,НЕТ,https://docs.google.com/spreadsheets/d/1VW8ynZ9Ee63DuB4UMYXCWIOTPgk7-pa4EQ7TbUxeCU8
152,"[Просчет-РФ] Запрос на ланьряды, сумки и шнурки.000006044 к НГ",14787,Ланьярд,4,500,30000,АВИА,НЕТ,https://docs.google.com/spreadsheets/d/1VW8ynZ9Ee63DuB4UMYXCWIOTPgk7-pa4EQ7TbUxeCU8
152,"[Просчет-РФ] Запрос на ланьряды, сумки и шнурки.000006044 к НГ",14788,Кабель - ланьярд,9,5000,5000,ЖД,НЕТ,https://docs.google.com/spreadsheets/d/1VW8ynZ9Ee63DuB4UMYXCWIOTPgk7-pa4EQ7TbUxeCU8
152,"[Просчет-РФ] Запрос на ланьряды, сумки и шнурки.000006044 к НГ",14788,Кабель - ланьярд,9,5000,5000,АВИА,НЕТ,https://docs.google.com/spreadsheets/d/1VW8ynZ9Ee63DuB4UMYXCWIOTPgk7-pa4EQ7TbUxeCU8
152,"[Просчет-РФ] Запрос на ланьряды, сумки и шнурки.000006044 к НГ",14788,Кабель - ланьярд,9,5000,10000,ЖД,НЕТ,https://docs.google.com/spreadsheets/d/1VW8ynZ9Ee63DuB4UMYXCWIOTPgk7-pa4EQ7TbUxeCU8
152,"[Просчет-РФ] Запрос на ланьряды, сумки и шнурки.000006044 к НГ",14788,Кабель - ланьярд,9,5000,10000,АВИА,НЕТ,https://docs.google.com/spreadsheets/d/1VW8ynZ9Ee63DuB4UMYXCWIOTPgk7-pa4EQ7TbUxeCU8
152,"[Просчет-РФ] Запрос на ланьряды, сумки и шнурки.000006044 к НГ",14788,Кабель - ланьярд,9,5000,30000,ЖД,НЕТ,https://docs.google.com/spreadsheets/d/1VW8ynZ9Ee63DuB4UMYXCWIOTPgk7-pa4EQ7TbUxeCU8
152,"[Просчет-РФ] Запрос на ланьряды, сумки и шнурки.000006044 к НГ",14788,Кабель - ланьярд,9,5000,30000,АВИА,НЕТ,https://docs.google.com/spreadsheets/d/1VW8ynZ9Ee63DuB4UMYXCWIOTPgk7-pa4EQ7TbUxeCU8
152,"[Просчет-РФ] Запрос на ланьряды, сумки и шнурки.000006044 к НГ",14789,Кабель - ланьярд,12,5000,5000,ЖД,НЕТ,https://docs.google.com/spreadsheets/d/1VW8ynZ9Ee63DuB4UMYXCWIOTPgk7-pa4EQ7TbUxeCU8
152,"[Просчет-РФ] Запрос на ланьряды, сумки и шнурки.000006044 к НГ",14789,Кабель - ланьярд,12,5000,5000,АВИА,НЕТ,https://docs.google.com/spreadsheets/d/1VW8ynZ9Ee63DuB4UMYXCWIOTPgk7-pa4EQ7TbUxeCU8
152,"[Просчет-РФ] Запрос на ланьряды, сумки и шнурки.000006044 к НГ",14789,Кабель - ланьярд,12,5000,10000,ЖД,НЕТ,https://docs.google.com/spreadsheets/d/1VW8ynZ9Ee63DuB4UMYXCWIOTPgk7-pa4EQ7TbUxeCU8
152,"[Просчет-РФ] Запрос на ланьряды, сумки и шнурки.000006044 к НГ",14789,Кабель - ланьярд,12,5000,10000,АВИА,НЕТ,https://docs.google.com/spreadsheets/d/1VW8ynZ9Ee63DuB4UMYXCWIOTPgk7-pa4EQ7TbUxeCU8
152,"[Просчет-РФ] Запрос на ланьряды, сумки и шнурки.000006044 к НГ",14789,Кабель - ланьярд,12,5000,30000,ЖД,НЕТ,https://docs.google.com/spreadsheets/d/1VW8ynZ9Ee63DuB4UMYXCWIOTPgk7-pa4EQ7TbUxeCU8
152,"[Просчет-РФ] Запрос на ланьряды, сумки и шнурки.000006044 к НГ",14789,Кабель - ланьярд,12,5000,30000,АВИА,НЕТ,https://docs.google.com/spreadsheets/d/1VW8ynZ9Ee63DuB4UMYXCWIOTPgk7-pa4EQ7TbUxeCU8
152,"[Просчет-РФ] Запрос на ланьряды, сумки и шнурки.000006044 к НГ",14790,Сумка - авоська для бутылки,15,5000,5000,ЖД,НЕТ,https://docs.google.com/spreadsheets/d/1VW8ynZ9Ee63DuB4UMYXCWIOTPgk7-pa4EQ7TbUxeCU8
152,"[Просчет-РФ] Запрос на ланьряды, сумки и шнурки.000006044 к НГ",14790,Сумка - авоська для бутылки,15,5000,5000,АВИА,НЕТ,https://docs.google.com/spreadsheets/d/1VW8ynZ9Ee63DuB4UMYXCWIOTPgk7-pa4EQ7TbUxeCU8
152,"[Просчет-РФ] Запрос на ланьряды, сумки и шнурки.000006044 к НГ",14790,Сумка - авоська для бутылки,15,5000,10000,ЖД,НЕТ,https://docs.google.com/spreadsheets/d/1VW8ynZ9Ee63DuB4UMYXCWIOTPgk7-pa4EQ7TbUxeCU8
152,"[Просчет-РФ] Запрос на ланьряды, сумки и шнурки.000006044 к НГ",14790,Сумка - авоська для бутылки,15,5000,10000,АВИА,НЕТ,https://docs.google.com/spreadsheets/d/1VW8ynZ9Ee63DuB4UMYXCWIOTPgk7-pa4EQ7TbUxeCU8
152,"[Просчет-РФ] Запрос на ланьряды, сумки и шнурки.000006044 к НГ",14790,Сумка - авоська для бутылки,15,5000,30000,ЖД,НЕТ,https://docs.google.com/spreadsheets/d/1VW8ynZ9Ee63DuB4UMYXCWIOTPgk7-pa4EQ7TbUxeCU8
152,"[Просчет-РФ] Запрос на ланьряды, сумки и шнурки.000006044 к НГ",14790,Сумка - авоська для бутылки,15,5000,30000,АВИА,НЕТ,https://docs.google.com/spreadsheets/d/1VW8ynZ9Ee63DuB4UMYXCWIOTPgk7-pa4EQ7TbUxeCU8
146,[Просчет] Екатерина Елагина / фарфор 500 и 100 24-07-2025,32,Елочный шар,4,500,600700,Доставка ЖД,НЕТ,https://docs.google.com/spreadsheets/d/1PPGk2HUmpDWAq01vlCcTC-AN5EKIBrXduLLWTKzkr9Y
146,[Просчет] Екатерина Елагина / фарфор 500 и 100 24-07-2025,32,Елочный шар,4,500,600700,Доставка АВИА,НЕТ,https://docs.google.com/spreadsheets/d/1PPGk2HUmpDWAq01vlCcTC-AN5EKIBrXduLLWTKzkr9Y
146,[Просчет] Екатерина Елагина / фарфор 500 и 100 24-07-2025,32,Елочный шар,4,500,25500,Доставка ЖД,НЕТ,https://docs.google.com/spreadsheets/d/1PPGk2HUmpDWAq01vlCcTC-AN5EKIBrXduLLWTKzkr9Y
146,[Просчет] Екатерина Елагина / фарфор 500 и 100 24-07-2025,32,Елочный шар,4,500,25500,Доставка АВИА,НЕТ,https://docs.google.com/spreadsheets/d/1PPGk2HUmpDWAq01vlCcTC-AN5EKIBrXduLLWTKzkr9Y
146,[Просчет] Екатерина Елагина / фарфор 500 и 100 24-07-2025,34,Чайная пара,7,100,1000,Доставка ЖД,ДА,https://docs.google.com/spreadsheets/d/1PPGk2HUmpDWAq01vlCcTC-AN5EKIBrXduLLWTKzkr9Y
146,[Просчет] Екатерина Елагина / фарфор 500 и 100 24-07-2025,34,Чайная пара,7,100,1000,Доставка АВИА,ДА,https://docs.google.com/spreadsheets/d/1PPGk2HUmpDWAq01vlCcTC-AN5EKIBrXduLLWTKzkr9Y
146,[Просчет] Екатерина Елагина / фарфор 500 и 100 24-07-2025,34,Чайная пара,7,100,5000,Доставка ЖД,НЕТ,https://docs.google.com/spreadsheets/d/1PPGk2HUmpDWAq01vlCcTC-AN5EKIBrXduLLWTKzkr9Y
146,[Просчет] Екатерина Елагина / фарфор 500 и 100 24-07-2025,34,Чайная пара,7,100,5000,Доставка АВИА,НЕТ,https://docs.google.com/spreadsheets/d/1PPGk2HUmpDWAq01vlCcTC-AN5EKIBrXduLLWTKzkr9Y
146,[Просчет] Екатерина Елагина / фарфор 500 и 100 24-07-2025,34,Чайная пара,7,100,6000,Доставка ЖД,НЕТ,https://docs.google.com/spreadsheets/d/1PPGk2HUmpDWAq01vlCcTC-AN5EKIBrXduLLWTKzkr9Y
146,[Просчет] Екатерина Елагина / фарфор 500 и 100 24-07-2025,34,Чайная пара,7,100,6000,Доставка АВИА,НЕТ,https://docs.google.com/spreadsheets/d/1PPGk2HUmpDWAq01vlCcTC-AN5EKIBrXduLLWTKzkr9Y
146,[Просчет] Екатерина Елагина / фарфор 500 и 100 24-07-2025,35,Елочная игрушка,10,,600700,Доставка ЖД,НЕТ,https://docs.google.com/spreadsheets/d/1PPGk2HUmpDWAq01vlCcTC-AN5EKIBrXduLLWTKzkr9Y
146,[Просчет] Екатерина Елагина / фарфор 500 и 100 24-07-2025,35,Елочная игрушка,10,,600700,Доставка АВИА,НЕТ,https://docs.google.com/spreadsheets/d/1PPGk2HUmpDWAq01vlCcTC-AN5EKIBrXduLLWTKzkr9Y
146,[Просчет] Екатерина Елагина / фарфор 500 и 100 24-07-2025,36,Елочное украшение,11,,600700,Доставка ЖД,НЕТ,https://docs.google.com/spreadsheets/d/1PPGk2HUmpDWAq01vlCcTC-AN5EKIBrXduLLWTKzkr9Y
146,[Просчет] Екатерина Елагина / фарфор 500 и 100 24-07-2025,36,Елочное украшение,11,,600700,Доставка АВИА,НЕТ,https://docs.google.com/spreadsheets/d/1PPGk2HUmpDWAq01vlCcTC-AN5EKIBrXduLLWTKzkr9Y
146,[Просчет] Екатерина Елагина / фарфор 500 и 100 24-07-2025,37,Елочное украшение,12,,600700,Доставка ЖД,НЕТ,https://docs.google.com/spreadsheets/d/1PPGk2HUmpDWAq01vlCcTC-AN5EKIBrXduLLWTKzkr9Y
146,[Просчет] Екатерина Елагина / фарфор 500 и 100 24-07-2025,37,Елочное украшение,12,,600700,Доставка АВИА,НЕТ,https://docs.google.com/spreadsheets/d/1PPGk2HUmpDWAq01vlCcTC-AN5EKIBrXduLLWTKzkr9Y
146,[Просчет] Екатерина Елагина / фарфор 500 и 100 24-07-2025,38,Елочное украшение,13,,600700,Доставка ЖД,НЕТ,https://docs.google.com/spreadsheets/d/1PPGk2HUmpDWAq01vlCcTC-AN5EKIBrXduLLWTKzkr9Y
146,[Просчет] Екатерина Елагина / фарфор 500 и 100 24-07-2025,38,Елочное украшение,13,,600700,Доставка АВИА,НЕТ,https://docs.google.com/spreadsheets/d/1PPGk2HUmpDWAq01vlCcTC-AN5EKIBrXduLLWTKzkr9Y
111,[Просчет-РФ] Заявка на расчет изготовления упаковки,14678,Упаковка: коробка + конверт + складной лист,4,1000,1000,ЖД,НЕТ,https://docs.google.com/spreadsheets/d/1c7pie7oBaJn_kr0v6SKfN7hb7cis5q9bQ9baYNxyIvM
111,[Просчет-РФ] Заявка на расчет изготовления упаковки,14678,Упаковка: коробка + конверт + складной лист,4,1000,5000,ЖД,НЕТ,https://docs.google.com/spreadsheets/d/1c7pie7oBaJn_kr0v6SKfN7hb7cis5q9bQ9baYNxyIvM
111,[Просчет-РФ] Заявка на расчет изготовления упаковки,14678,Упаковка: коробка + конверт + складной лист,4,1000,10000,ЖД,ДА,https://docs.google.com/spreadsheets/d/1c7pie7oBaJn_kr0v6SKfN7hb7cis5q9bQ9baYNxyIvM
127,"[Просчет] ООО ""КГИ"" / Пуллеры серые 29-07-2025",20902,Пуллеры,4,50,300,Авиа,НЕТ,https://docs.google.com/spreadsheets/d/1RCbt6Th-rMAZodVR4tTrTyJlb2ODlLX1VxiBTGUC58M
127,"[Просчет] ООО ""КГИ"" / Пуллеры серые 29-07-2025",20902,Пуллеры,4,50,500,Авиа,ДА,https://docs.google.com/spreadsheets/d/1RCbt6Th-rMAZodVR4tTrTyJlb2ODlLX1VxiBTGUC58M
127,"[Просчет] ООО ""КГИ"" / Пуллеры серые 29-07-2025",20902,Пуллеры,4,50,1000,Авиа,НЕТ,https://docs.google.com/spreadsheets/d/1RCbt6Th-rMAZodVR4tTrTyJlb2ODlLX1VxiBTGUC58M
127,"[Просчет] ООО ""КГИ"" / Пуллеры серые 29-07-2025",20902,Пуллеры,4,50,3000,Авиа,НЕТ,https://docs.google.com/spreadsheets/d/1RCbt6Th-rMAZodVR4tTrTyJlb2ODlLX1VxiBTGUC58M
127,"[Просчет] ООО ""КГИ"" / Пуллеры серые 29-07-2025",20902,Пуллеры,4,50,5000,Авиа,НЕТ,https://docs.google.com/spreadsheets/d/1RCbt6Th-rMAZodVR4tTrTyJlb2ODlLX1VxiBTGUC58M
