ID_Проекта,Название_проекта,ID_Товара,Название_товара,Строка,Тираж_Google,Тираж_БД,Маршрут,Ошибка_x10,URL
27,[Просчет-РФ] Детские подарки ЯДРО Иллан,14418,Наклейки для купания,4,500,500,ЖД,НЕТ,https://docs.google.com/spreadsheets/d/1SD3YfSQfy6NojyETk6IyrRtwFiXs327ClII-_xW1ufo
27,[Просчет-РФ] Детские подарки ЯДРО Иллан,14418,Наклейки для купания,4,500,500,АВИА,НЕТ,https://docs.google.com/spreadsheets/d/1SD3YfSQfy6NojyETk6IyrRtwFiXs327ClII-_xW1ufo
27,[Просчет-РФ] Детские подарки ЯДРО Иллан,14418,Наклейки для купания,4,500,1000,ЖД,НЕТ,https://docs.google.com/spreadsheets/d/1SD3YfSQfy6NojyETk6IyrRtwFiXs327ClII-_xW1ufo
27,[Просчет-РФ] Детские подарки ЯДРО Иллан,14418,Наклейки для купания,4,500,1000,АВИА,НЕТ,https://docs.google.com/spreadsheets/d/1SD3YfSQfy6NojyETk6IyrRtwFiXs327ClII-_xW1ufo
27,[Просчет-РФ] Детские подарки ЯДРО Иллан,14419,Магниты,6,500,500,ЖД,НЕТ,https://docs.google.com/spreadsheets/d/1SD3YfSQfy6NojyETk6IyrRtwFiXs327ClII-_xW1ufo
27,[Просчет-РФ] Детские подарки ЯДРО Иллан,14419,Магниты,6,500,500,АВИА,НЕТ,https://docs.google.com/spreadsheets/d/1SD3YfSQfy6NojyETk6IyrRtwFiXs327ClII-_xW1ufo
27,[Просчет-РФ] Детские подарки ЯДРО Иллан,14419,Магниты,6,500,1000,ЖД,НЕТ,https://docs.google.com/spreadsheets/d/1SD3YfSQfy6NojyETk6IyrRtwFiXs327ClII-_xW1ufo
27,[Просчет-РФ] Детские подарки ЯДРО Иллан,14419,Магниты,6,500,1000,АВИА,НЕТ,https://docs.google.com/spreadsheets/d/1SD3YfSQfy6NojyETk6IyrRtwFiXs327ClII-_xW1ufo
27,[Просчет-РФ] Детские подарки ЯДРО Иллан,14420,Форма для печенья,8,500,500,ЖД,НЕТ,https://docs.google.com/spreadsheets/d/1SD3YfSQfy6NojyETk6IyrRtwFiXs327ClII-_xW1ufo
27,[Просчет-РФ] Детские подарки ЯДРО Иллан,14420,Форма для печенья,8,500,500,АВИА,НЕТ,https://docs.google.com/spreadsheets/d/1SD3YfSQfy6NojyETk6IyrRtwFiXs327ClII-_xW1ufo
27,[Просчет-РФ] Детские подарки ЯДРО Иллан,14420,Форма для печенья,8,500,1000,ЖД,НЕТ,https://docs.google.com/spreadsheets/d/1SD3YfSQfy6NojyETk6IyrRtwFiXs327ClII-_xW1ufo
27,[Просчет-РФ] Детские подарки ЯДРО Иллан,14420,Форма для печенья,8,500,1000,АВИА,НЕТ,https://docs.google.com/spreadsheets/d/1SD3YfSQfy6NojyETk6IyrRtwFiXs327ClII-_xW1ufo
27,[Просчет-РФ] Детские подарки ЯДРО Иллан,14421,Ланьярд для телефона,10,500,500,ЖД,НЕТ,https://docs.google.com/spreadsheets/d/1SD3YfSQfy6NojyETk6IyrRtwFiXs327ClII-_xW1ufo
27,[Просчет-РФ] Детские подарки ЯДРО Иллан,14421,Ланьярд для телефона,10,500,500,АВИА,НЕТ,https://docs.google.com/spreadsheets/d/1SD3YfSQfy6NojyETk6IyrRtwFiXs327ClII-_xW1ufo
27,[Просчет-РФ] Детские подарки ЯДРО Иллан,14421,Ланьярд для телефона,10,500,1000,ЖД,НЕТ,https://docs.google.com/spreadsheets/d/1SD3YfSQfy6NojyETk6IyrRtwFiXs327ClII-_xW1ufo
27,[Просчет-РФ] Детские подарки ЯДРО Иллан,14421,Ланьярд для телефона,10,500,1000,АВИА,НЕТ,https://docs.google.com/spreadsheets/d/1SD3YfSQfy6NojyETk6IyrRtwFiXs327ClII-_xW1ufo
27,[Просчет-РФ] Детские подарки ЯДРО Иллан,14422,Пакет,12,500,500,ЖД,НЕТ,https://docs.google.com/spreadsheets/d/1SD3YfSQfy6NojyETk6IyrRtwFiXs327ClII-_xW1ufo
27,[Просчет-РФ] Детские подарки ЯДРО Иллан,14422,Пакет,12,500,500,АВИА,НЕТ,https://docs.google.com/spreadsheets/d/1SD3YfSQfy6NojyETk6IyrRtwFiXs327ClII-_xW1ufo
27,[Просчет-РФ] Детские подарки ЯДРО Иллан,14422,Пакет,12,500,1000,ЖД,НЕТ,https://docs.google.com/spreadsheets/d/1SD3YfSQfy6NojyETk6IyrRtwFiXs327ClII-_xW1ufo
27,[Просчет-РФ] Детские подарки ЯДРО Иллан,14422,Пакет,12,500,1000,АВИА,НЕТ,https://docs.google.com/spreadsheets/d/1SD3YfSQfy6NojyETk6IyrRtwFiXs327ClII-_xW1ufo
27,[Просчет-РФ] Детские подарки ЯДРО Иллан,14423,Антистресс брелок,14,500,500,ЖД,НЕТ,https://docs.google.com/spreadsheets/d/1SD3YfSQfy6NojyETk6IyrRtwFiXs327ClII-_xW1ufo
27,[Просчет-РФ] Детские подарки ЯДРО Иллан,14423,Антистресс брелок,14,500,500,АВИА,НЕТ,https://docs.google.com/spreadsheets/d/1SD3YfSQfy6NojyETk6IyrRtwFiXs327ClII-_xW1ufo
27,[Просчет-РФ] Детские подарки ЯДРО Иллан,14423,Антистресс брелок,14,500,1000,ЖД,НЕТ,https://docs.google.com/spreadsheets/d/1SD3YfSQfy6NojyETk6IyrRtwFiXs327ClII-_xW1ufo
27,[Просчет-РФ] Детские подарки ЯДРО Иллан,14423,Антистресс брелок,14,500,1000,АВИА,НЕТ,https://docs.google.com/spreadsheets/d/1SD3YfSQfy6NojyETk6IyrRtwFiXs327ClII-_xW1ufo
27,[Просчет-РФ] Детские подарки ЯДРО Иллан,14424,Неоновый набор,16,500,500,ЖД,НЕТ,https://docs.google.com/spreadsheets/d/1SD3YfSQfy6NojyETk6IyrRtwFiXs327ClII-_xW1ufo
27,[Просчет-РФ] Детские подарки ЯДРО Иллан,14424,Неоновый набор,16,500,500,АВИА,НЕТ,https://docs.google.com/spreadsheets/d/1SD3YfSQfy6NojyETk6IyrRtwFiXs327ClII-_xW1ufo
27,[Просчет-РФ] Детские подарки ЯДРО Иллан,14424,Неоновый набор,16,500,1000,ЖД,НЕТ,https://docs.google.com/spreadsheets/d/1SD3YfSQfy6NojyETk6IyrRtwFiXs327ClII-_xW1ufo
27,[Просчет-РФ] Детские подарки ЯДРО Иллан,14424,Неоновый набор,16,500,1000,АВИА,НЕТ,https://docs.google.com/spreadsheets/d/1SD3YfSQfy6NojyETk6IyrRtwFiXs327ClII-_xW1ufo
27,[Просчет-РФ] Детские подарки ЯДРО Иллан,14425,Рюкзак-мешок,18,500,500,ЖД,НЕТ,https://docs.google.com/spreadsheets/d/1SD3YfSQfy6NojyETk6IyrRtwFiXs327ClII-_xW1ufo
27,[Просчет-РФ] Детские подарки ЯДРО Иллан,14425,Рюкзак-мешок,18,500,500,АВИА,НЕТ,https://docs.google.com/spreadsheets/d/1SD3YfSQfy6NojyETk6IyrRtwFiXs327ClII-_xW1ufo
27,[Просчет-РФ] Детские подарки ЯДРО Иллан,14425,Рюкзак-мешок,18,500,1000,ЖД,НЕТ,https://docs.google.com/spreadsheets/d/1SD3YfSQfy6NojyETk6IyrRtwFiXs327ClII-_xW1ufo
27,[Просчет-РФ] Детские подарки ЯДРО Иллан,14425,Рюкзак-мешок,18,500,1000,АВИА,НЕТ,https://docs.google.com/spreadsheets/d/1SD3YfSQfy6NojyETk6IyrRtwFiXs327ClII-_xW1ufo
27,[Просчет-РФ] Детские подарки ЯДРО Иллан,14426,Многоразовые наклейки,20,500,500,ЖД,НЕТ,https://docs.google.com/spreadsheets/d/1SD3YfSQfy6NojyETk6IyrRtwFiXs327ClII-_xW1ufo
27,[Просчет-РФ] Детские подарки ЯДРО Иллан,14426,Многоразовые наклейки,20,500,500,АВИА,НЕТ,https://docs.google.com/spreadsheets/d/1SD3YfSQfy6NojyETk6IyrRtwFiXs327ClII-_xW1ufo
27,[Просчет-РФ] Детские подарки ЯДРО Иллан,14426,Многоразовые наклейки,20,500,1000,ЖД,НЕТ,https://docs.google.com/spreadsheets/d/1SD3YfSQfy6NojyETk6IyrRtwFiXs327ClII-_xW1ufo
27,[Просчет-РФ] Детские подарки ЯДРО Иллан,14426,Многоразовые наклейки,20,500,1000,АВИА,НЕТ,https://docs.google.com/spreadsheets/d/1SD3YfSQfy6NojyETk6IyrRtwFiXs327ClII-_xW1ufo
27,[Просчет-РФ] Детские подарки ЯДРО Иллан,14427,Джибитсы,22,500,500,ЖД,НЕТ,https://docs.google.com/spreadsheets/d/1SD3YfSQfy6NojyETk6IyrRtwFiXs327ClII-_xW1ufo
27,[Просчет-РФ] Детские подарки ЯДРО Иллан,14427,Джибитсы,22,500,500,АВИА,НЕТ,https://docs.google.com/spreadsheets/d/1SD3YfSQfy6NojyETk6IyrRtwFiXs327ClII-_xW1ufo
27,[Просчет-РФ] Детские подарки ЯДРО Иллан,14427,Джибитсы,22,500,1000,ЖД,НЕТ,https://docs.google.com/spreadsheets/d/1SD3YfSQfy6NojyETk6IyrRtwFiXs327ClII-_xW1ufo
27,[Просчет-РФ] Детские подарки ЯДРО Иллан,14427,Джибитсы,22,500,1000,АВИА,НЕТ,https://docs.google.com/spreadsheets/d/1SD3YfSQfy6NojyETk6IyrRtwFiXs327ClII-_xW1ufo
27,[Просчет-РФ] Детские подарки ЯДРО Иллан,14428,"Ремувка
(без джибитсов)",24,500,500,ЖД,НЕТ,https://docs.google.com/spreadsheets/d/1SD3YfSQfy6NojyETk6IyrRtwFiXs327ClII-_xW1ufo
27,[Просчет-РФ] Детские подарки ЯДРО Иллан,14428,"Ремувка
(без джибитсов)",24,500,500,АВИА,НЕТ,https://docs.google.com/spreadsheets/d/1SD3YfSQfy6NojyETk6IyrRtwFiXs327ClII-_xW1ufo
27,[Просчет-РФ] Детские подарки ЯДРО Иллан,14428,"Ремувка
(без джибитсов)",24,500,1000,ЖД,НЕТ,https://docs.google.com/spreadsheets/d/1SD3YfSQfy6NojyETk6IyrRtwFiXs327ClII-_xW1ufo
27,[Просчет-РФ] Детские подарки ЯДРО Иллан,14428,"Ремувка
(без джибитсов)",24,500,1000,АВИА,НЕТ,https://docs.google.com/spreadsheets/d/1SD3YfSQfy6NojyETk6IyrRtwFiXs327ClII-_xW1ufo
27,[Просчет-РФ] Детские подарки ЯДРО Иллан,14429,Значки,26,500,500,ЖД,НЕТ,https://docs.google.com/spreadsheets/d/1SD3YfSQfy6NojyETk6IyrRtwFiXs327ClII-_xW1ufo
27,[Просчет-РФ] Детские подарки ЯДРО Иллан,14429,Значки,26,500,500,АВИА,НЕТ,https://docs.google.com/spreadsheets/d/1SD3YfSQfy6NojyETk6IyrRtwFiXs327ClII-_xW1ufo
27,[Просчет-РФ] Детские подарки ЯДРО Иллан,14429,Значки,26,500,1000,ЖД,НЕТ,https://docs.google.com/spreadsheets/d/1SD3YfSQfy6NojyETk6IyrRtwFiXs327ClII-_xW1ufo
27,[Просчет-РФ] Детские подарки ЯДРО Иллан,14429,Значки,26,500,1000,АВИА,НЕТ,https://docs.google.com/spreadsheets/d/1SD3YfSQfy6NojyETk6IyrRtwFiXs327ClII-_xW1ufo
27,[Просчет-РФ] Детские подарки ЯДРО Иллан,14430,Брелок-головоломка,28,500,500,ЖД,НЕТ,https://docs.google.com/spreadsheets/d/1SD3YfSQfy6NojyETk6IyrRtwFiXs327ClII-_xW1ufo
27,[Просчет-РФ] Детские подарки ЯДРО Иллан,14430,Брелок-головоломка,28,500,500,АВИА,НЕТ,https://docs.google.com/spreadsheets/d/1SD3YfSQfy6NojyETk6IyrRtwFiXs327ClII-_xW1ufo
27,[Просчет-РФ] Детские подарки ЯДРО Иллан,14430,Брелок-головоломка,28,500,1000,ЖД,НЕТ,https://docs.google.com/spreadsheets/d/1SD3YfSQfy6NojyETk6IyrRtwFiXs327ClII-_xW1ufo
27,[Просчет-РФ] Детские подарки ЯДРО Иллан,14430,Брелок-головоломка,28,500,1000,АВИА,НЕТ,https://docs.google.com/spreadsheets/d/1SD3YfSQfy6NojyETk6IyrRtwFiXs327ClII-_xW1ufo
27,[Просчет-РФ] Детские подарки ЯДРО Иллан,14431,Книга-бизиборд,30,500,500,ЖД,НЕТ,https://docs.google.com/spreadsheets/d/1SD3YfSQfy6NojyETk6IyrRtwFiXs327ClII-_xW1ufo
27,[Просчет-РФ] Детские подарки ЯДРО Иллан,14431,Книга-бизиборд,30,500,500,АВИА,НЕТ,https://docs.google.com/spreadsheets/d/1SD3YfSQfy6NojyETk6IyrRtwFiXs327ClII-_xW1ufo
27,[Просчет-РФ] Детские подарки ЯДРО Иллан,14431,Книга-бизиборд,30,500,1000,ЖД,НЕТ,https://docs.google.com/spreadsheets/d/1SD3YfSQfy6NojyETk6IyrRtwFiXs327ClII-_xW1ufo
27,[Просчет-РФ] Детские подарки ЯДРО Иллан,14431,Книга-бизиборд,30,500,1000,АВИА,НЕТ,https://docs.google.com/spreadsheets/d/1SD3YfSQfy6NojyETk6IyrRtwFiXs327ClII-_xW1ufo
27,[Просчет-РФ] Детские подарки ЯДРО Иллан,14432,3D головоломка,32,500,500,ЖД,НЕТ,https://docs.google.com/spreadsheets/d/1SD3YfSQfy6NojyETk6IyrRtwFiXs327ClII-_xW1ufo
27,[Просчет-РФ] Детские подарки ЯДРО Иллан,14432,3D головоломка,32,500,500,АВИА,НЕТ,https://docs.google.com/spreadsheets/d/1SD3YfSQfy6NojyETk6IyrRtwFiXs327ClII-_xW1ufo
27,[Просчет-РФ] Детские подарки ЯДРО Иллан,14432,3D головоломка,32,500,1000,ЖД,НЕТ,https://docs.google.com/spreadsheets/d/1SD3YfSQfy6NojyETk6IyrRtwFiXs327ClII-_xW1ufo
27,[Просчет-РФ] Детские подарки ЯДРО Иллан,14432,3D головоломка,32,500,1000,АВИА,НЕТ,https://docs.google.com/spreadsheets/d/1SD3YfSQfy6NojyETk6IyrRtwFiXs327ClII-_xW1ufo
27,[Просчет-РФ] Детские подарки ЯДРО Иллан,14433,Детский микроскоп,34,500,500,ЖД,НЕТ,https://docs.google.com/spreadsheets/d/1SD3YfSQfy6NojyETk6IyrRtwFiXs327ClII-_xW1ufo
27,[Просчет-РФ] Детские подарки ЯДРО Иллан,14433,Детский микроскоп,34,500,500,АВИА,НЕТ,https://docs.google.com/spreadsheets/d/1SD3YfSQfy6NojyETk6IyrRtwFiXs327ClII-_xW1ufo
27,[Просчет-РФ] Детские подарки ЯДРО Иллан,14433,Детский микроскоп,34,500,1000,ЖД,НЕТ,https://docs.google.com/spreadsheets/d/1SD3YfSQfy6NojyETk6IyrRtwFiXs327ClII-_xW1ufo
27,[Просчет-РФ] Детские подарки ЯДРО Иллан,14433,Детский микроскоп,34,500,1000,АВИА,НЕТ,https://docs.google.com/spreadsheets/d/1SD3YfSQfy6NojyETk6IyrRtwFiXs327ClII-_xW1ufo
27,[Просчет-РФ] Детские подарки ЯДРО Иллан,14434,Магнитная игра,36,500,500,ЖД,НЕТ,https://docs.google.com/spreadsheets/d/1SD3YfSQfy6NojyETk6IyrRtwFiXs327ClII-_xW1ufo
27,[Просчет-РФ] Детские подарки ЯДРО Иллан,14434,Магнитная игра,36,500,500,АВИА,НЕТ,https://docs.google.com/spreadsheets/d/1SD3YfSQfy6NojyETk6IyrRtwFiXs327ClII-_xW1ufo
27,[Просчет-РФ] Детские подарки ЯДРО Иллан,14434,Магнитная игра,36,500,1000,ЖД,НЕТ,https://docs.google.com/spreadsheets/d/1SD3YfSQfy6NojyETk6IyrRtwFiXs327ClII-_xW1ufo
27,[Просчет-РФ] Детские подарки ЯДРО Иллан,14434,Магнитная игра,36,500,1000,АВИА,НЕТ,https://docs.google.com/spreadsheets/d/1SD3YfSQfy6NojyETk6IyrRtwFiXs327ClII-_xW1ufo
27,[Просчет-РФ] Детские подарки ЯДРО Иллан,14435,Конструктор с электромотором,38,500,500,ЖД,НЕТ,https://docs.google.com/spreadsheets/d/1SD3YfSQfy6NojyETk6IyrRtwFiXs327ClII-_xW1ufo
27,[Просчет-РФ] Детские подарки ЯДРО Иллан,14435,Конструктор с электромотором,38,500,500,АВИА,НЕТ,https://docs.google.com/spreadsheets/d/1SD3YfSQfy6NojyETk6IyrRtwFiXs327ClII-_xW1ufo
27,[Просчет-РФ] Детские подарки ЯДРО Иллан,14435,Конструктор с электромотором,38,500,1000,ЖД,НЕТ,https://docs.google.com/spreadsheets/d/1SD3YfSQfy6NojyETk6IyrRtwFiXs327ClII-_xW1ufo
27,[Просчет-РФ] Детские подарки ЯДРО Иллан,14435,Конструктор с электромотором,38,500,1000,АВИА,НЕТ,https://docs.google.com/spreadsheets/d/1SD3YfSQfy6NojyETk6IyrRtwFiXs327ClII-_xW1ufo
27,[Просчет-РФ] Детские подарки ЯДРО Иллан,14436,Конструктор пиксельный,40,500,500,ЖД,НЕТ,https://docs.google.com/spreadsheets/d/1SD3YfSQfy6NojyETk6IyrRtwFiXs327ClII-_xW1ufo
27,[Просчет-РФ] Детские подарки ЯДРО Иллан,14436,Конструктор пиксельный,40,500,500,АВИА,НЕТ,https://docs.google.com/spreadsheets/d/1SD3YfSQfy6NojyETk6IyrRtwFiXs327ClII-_xW1ufo
27,[Просчет-РФ] Детские подарки ЯДРО Иллан,14436,Конструктор пиксельный,40,500,1000,ЖД,НЕТ,https://docs.google.com/spreadsheets/d/1SD3YfSQfy6NojyETk6IyrRtwFiXs327ClII-_xW1ufo
27,[Просчет-РФ] Детские подарки ЯДРО Иллан,14436,Конструктор пиксельный,40,500,1000,АВИА,НЕТ,https://docs.google.com/spreadsheets/d/1SD3YfSQfy6NojyETk6IyrRtwFiXs327ClII-_xW1ufo
27,[Просчет-РФ] Детские подарки ЯДРО Иллан,14437,Игра крестики-нолики,42,500,500,ЖД,НЕТ,https://docs.google.com/spreadsheets/d/1SD3YfSQfy6NojyETk6IyrRtwFiXs327ClII-_xW1ufo
27,[Просчет-РФ] Детские подарки ЯДРО Иллан,14437,Игра крестики-нолики,42,500,500,АВИА,НЕТ,https://docs.google.com/spreadsheets/d/1SD3YfSQfy6NojyETk6IyrRtwFiXs327ClII-_xW1ufo
27,[Просчет-РФ] Детские подарки ЯДРО Иллан,14437,Игра крестики-нолики,42,500,1000,ЖД,НЕТ,https://docs.google.com/spreadsheets/d/1SD3YfSQfy6NojyETk6IyrRtwFiXs327ClII-_xW1ufo
27,[Просчет-РФ] Детские подарки ЯДРО Иллан,14437,Игра крестики-нолики,42,500,1000,АВИА,НЕТ,https://docs.google.com/spreadsheets/d/1SD3YfSQfy6NojyETk6IyrRtwFiXs327ClII-_xW1ufo
27,[Просчет-РФ] Детские подарки ЯДРО Иллан,14438,Ночник,44,500,500,ЖД,НЕТ,https://docs.google.com/spreadsheets/d/1SD3YfSQfy6NojyETk6IyrRtwFiXs327ClII-_xW1ufo
27,[Просчет-РФ] Детские подарки ЯДРО Иллан,14438,Ночник,44,500,500,АВИА,НЕТ,https://docs.google.com/spreadsheets/d/1SD3YfSQfy6NojyETk6IyrRtwFiXs327ClII-_xW1ufo
27,[Просчет-РФ] Детские подарки ЯДРО Иллан,14438,Ночник,44,500,1000,ЖД,НЕТ,https://docs.google.com/spreadsheets/d/1SD3YfSQfy6NojyETk6IyrRtwFiXs327ClII-_xW1ufo
27,[Просчет-РФ] Детские подарки ЯДРО Иллан,14438,Ночник,44,500,1000,АВИА,НЕТ,https://docs.google.com/spreadsheets/d/1SD3YfSQfy6NojyETk6IyrRtwFiXs327ClII-_xW1ufo
27,[Просчет-РФ] Детские подарки ЯДРО Иллан,14439,Ночник,46,500,500,ЖД,НЕТ,https://docs.google.com/spreadsheets/d/1SD3YfSQfy6NojyETk6IyrRtwFiXs327ClII-_xW1ufo
27,[Просчет-РФ] Детские подарки ЯДРО Иллан,14439,Ночник,46,500,500,АВИА,НЕТ,https://docs.google.com/spreadsheets/d/1SD3YfSQfy6NojyETk6IyrRtwFiXs327ClII-_xW1ufo
27,[Просчет-РФ] Детские подарки ЯДРО Иллан,14439,Ночник,46,500,1000,ЖД,НЕТ,https://docs.google.com/spreadsheets/d/1SD3YfSQfy6NojyETk6IyrRtwFiXs327ClII-_xW1ufo
27,[Просчет-РФ] Детские подарки ЯДРО Иллан,14439,Ночник,46,500,1000,АВИА,НЕТ,https://docs.google.com/spreadsheets/d/1SD3YfSQfy6NojyETk6IyrRtwFiXs327ClII-_xW1ufo
27,[Просчет-РФ] Детские подарки ЯДРО Иллан,14440,Ночник Майнкрафт,48,500,500,ЖД,НЕТ,https://docs.google.com/spreadsheets/d/1SD3YfSQfy6NojyETk6IyrRtwFiXs327ClII-_xW1ufo
27,[Просчет-РФ] Детские подарки ЯДРО Иллан,14440,Ночник Майнкрафт,48,500,500,АВИА,НЕТ,https://docs.google.com/spreadsheets/d/1SD3YfSQfy6NojyETk6IyrRtwFiXs327ClII-_xW1ufo
27,[Просчет-РФ] Детские подарки ЯДРО Иллан,14440,Ночник Майнкрафт,48,500,1000,ЖД,НЕТ,https://docs.google.com/spreadsheets/d/1SD3YfSQfy6NojyETk6IyrRtwFiXs327ClII-_xW1ufo
27,[Просчет-РФ] Детские подарки ЯДРО Иллан,14440,Ночник Майнкрафт,48,500,1000,АВИА,НЕТ,https://docs.google.com/spreadsheets/d/1SD3YfSQfy6NojyETk6IyrRtwFiXs327ClII-_xW1ufo
27,[Просчет-РФ] Детские подарки ЯДРО Иллан,14441,Пзу с приставкой,50,500,500,ЖД,НЕТ,https://docs.google.com/spreadsheets/d/1SD3YfSQfy6NojyETk6IyrRtwFiXs327ClII-_xW1ufo
27,[Просчет-РФ] Детские подарки ЯДРО Иллан,14441,Пзу с приставкой,50,500,500,АВИА,НЕТ,https://docs.google.com/spreadsheets/d/1SD3YfSQfy6NojyETk6IyrRtwFiXs327ClII-_xW1ufo
27,[Просчет-РФ] Детские подарки ЯДРО Иллан,14441,Пзу с приставкой,50,500,1000,ЖД,НЕТ,https://docs.google.com/spreadsheets/d/1SD3YfSQfy6NojyETk6IyrRtwFiXs327ClII-_xW1ufo
27,[Просчет-РФ] Детские подарки ЯДРО Иллан,14441,Пзу с приставкой,50,500,1000,АВИА,НЕТ,https://docs.google.com/spreadsheets/d/1SD3YfSQfy6NojyETk6IyrRtwFiXs327ClII-_xW1ufo
279,[Просчет-Межд] Al Roussi / 22-08-2025,21017,Ежедневник,4,500,500,Авиа,НЕТ,https://docs.google.com/spreadsheets/d/1fgWVp6XOOYmc-VuSdMTrGZzF0S8vloAE-yHjxVHOlCE
279,[Просчет-Межд] Al Roussi / 22-08-2025,21017,Ежедневник,4,500,1000,Авиа,НЕТ,https://docs.google.com/spreadsheets/d/1fgWVp6XOOYmc-VuSdMTrGZzF0S8vloAE-yHjxVHOlCE
279,[Просчет-Межд] Al Roussi / 22-08-2025,21018,Ежедневник,6,500,500,Авиа,НЕТ,https://docs.google.com/spreadsheets/d/1fgWVp6XOOYmc-VuSdMTrGZzF0S8vloAE-yHjxVHOlCE
279,[Просчет-Межд] Al Roussi / 22-08-2025,21018,Ежедневник,6,500,1000,Авиа,НЕТ,https://docs.google.com/spreadsheets/d/1fgWVp6XOOYmc-VuSdMTrGZzF0S8vloAE-yHjxVHOlCE
279,[Просчет-Межд] Al Roussi / 22-08-2025,21019,Ежедневник,8,500,500,Авиа,НЕТ,https://docs.google.com/spreadsheets/d/1fgWVp6XOOYmc-VuSdMTrGZzF0S8vloAE-yHjxVHOlCE
279,[Просчет-Межд] Al Roussi / 22-08-2025,21019,Ежедневник,8,500,1000,Авиа,НЕТ,https://docs.google.com/spreadsheets/d/1fgWVp6XOOYmc-VuSdMTrGZzF0S8vloAE-yHjxVHOlCE
279,[Просчет-Межд] Al Roussi / 22-08-2025,21020,Шоппер,10,500,500,Авиа,НЕТ,https://docs.google.com/spreadsheets/d/1fgWVp6XOOYmc-VuSdMTrGZzF0S8vloAE-yHjxVHOlCE
279,[Просчет-Межд] Al Roussi / 22-08-2025,21020,Шоппер,10,500,1000,Авиа,НЕТ,https://docs.google.com/spreadsheets/d/1fgWVp6XOOYmc-VuSdMTrGZzF0S8vloAE-yHjxVHOlCE
279,[Просчет-Межд] Al Roussi / 22-08-2025,21021,Шоппер,12,500,500,Авиа,НЕТ,https://docs.google.com/spreadsheets/d/1fgWVp6XOOYmc-VuSdMTrGZzF0S8vloAE-yHjxVHOlCE
279,[Просчет-Межд] Al Roussi / 22-08-2025,21021,Шоппер,12,500,1000,Авиа,НЕТ,https://docs.google.com/spreadsheets/d/1fgWVp6XOOYmc-VuSdMTrGZzF0S8vloAE-yHjxVHOlCE
279,[Просчет-Межд] Al Roussi / 22-08-2025,21022,Ежедневник,14,500,500,Авиа,НЕТ,https://docs.google.com/spreadsheets/d/1fgWVp6XOOYmc-VuSdMTrGZzF0S8vloAE-yHjxVHOlCE
279,[Просчет-Межд] Al Roussi / 22-08-2025,21022,Ежедневник,14,500,1000,Авиа,НЕТ,https://docs.google.com/spreadsheets/d/1fgWVp6XOOYmc-VuSdMTrGZzF0S8vloAE-yHjxVHOlCE
279,[Просчет-Межд] Al Roussi / 22-08-2025,21024,Складной шоппер,18,500,500,Авиа,НЕТ,https://docs.google.com/spreadsheets/d/1fgWVp6XOOYmc-VuSdMTrGZzF0S8vloAE-yHjxVHOlCE
279,[Просчет-Межд] Al Roussi / 22-08-2025,21024,Складной шоппер,18,500,1000,Авиа,НЕТ,https://docs.google.com/spreadsheets/d/1fgWVp6XOOYmc-VuSdMTrGZzF0S8vloAE-yHjxVHOlCE
279,[Просчет-Межд] Al Roussi / 22-08-2025,21025,Шоппер-плед,20,500,500,Авиа,НЕТ,https://docs.google.com/spreadsheets/d/1fgWVp6XOOYmc-VuSdMTrGZzF0S8vloAE-yHjxVHOlCE
279,[Просчет-Межд] Al Roussi / 22-08-2025,21025,Шоппер-плед,20,500,1000,Авиа,НЕТ,https://docs.google.com/spreadsheets/d/1fgWVp6XOOYmc-VuSdMTrGZzF0S8vloAE-yHjxVHOlCE
279,[Просчет-Межд] Al Roussi / 22-08-2025,21026,Складной плед,22,500,500,Авиа,НЕТ,https://docs.google.com/spreadsheets/d/1fgWVp6XOOYmc-VuSdMTrGZzF0S8vloAE-yHjxVHOlCE
279,[Просчет-Межд] Al Roussi / 22-08-2025,21026,Складной плед,22,500,1000,Авиа,НЕТ,https://docs.google.com/spreadsheets/d/1fgWVp6XOOYmc-VuSdMTrGZzF0S8vloAE-yHjxVHOlCE
279,[Просчет-Межд] Al Roussi / 22-08-2025,21027,Термобутылка,24,500,500,Авиа,НЕТ,https://docs.google.com/spreadsheets/d/1fgWVp6XOOYmc-VuSdMTrGZzF0S8vloAE-yHjxVHOlCE
279,[Просчет-Межд] Al Roussi / 22-08-2025,21027,Термобутылка,24,500,1000,Авиа,НЕТ,https://docs.google.com/spreadsheets/d/1fgWVp6XOOYmc-VuSdMTrGZzF0S8vloAE-yHjxVHOlCE
279,[Просчет-Межд] Al Roussi / 22-08-2025,21028,Вечный карандаш,26,500,500,Авиа,НЕТ,https://docs.google.com/spreadsheets/d/1fgWVp6XOOYmc-VuSdMTrGZzF0S8vloAE-yHjxVHOlCE
279,[Просчет-Межд] Al Roussi / 22-08-2025,21028,Вечный карандаш,26,500,1000,Авиа,НЕТ,https://docs.google.com/spreadsheets/d/1fgWVp6XOOYmc-VuSdMTrGZzF0S8vloAE-yHjxVHOlCE
279,[Просчет-Межд] Al Roussi / 22-08-2025,21029,Зарядный кабель- ланъярд 120см 60W,28,500,500,Авиа,НЕТ,https://docs.google.com/spreadsheets/d/1fgWVp6XOOYmc-VuSdMTrGZzF0S8vloAE-yHjxVHOlCE
279,[Просчет-Межд] Al Roussi / 22-08-2025,21029,Зарядный кабель- ланъярд 120см 60W,28,500,1000,Авиа,НЕТ,https://docs.google.com/spreadsheets/d/1fgWVp6XOOYmc-VuSdMTrGZzF0S8vloAE-yHjxVHOlCE
279,[Просчет-Межд] Al Roussi / 22-08-2025,21030,Сумка с отделением для бутылки,30,500,500,Авиа,НЕТ,https://docs.google.com/spreadsheets/d/1fgWVp6XOOYmc-VuSdMTrGZzF0S8vloAE-yHjxVHOlCE
279,[Просчет-Межд] Al Roussi / 22-08-2025,21030,Сумка с отделением для бутылки,30,500,1000,Авиа,НЕТ,https://docs.google.com/spreadsheets/d/1fgWVp6XOOYmc-VuSdMTrGZzF0S8vloAE-yHjxVHOlCE
279,[Просчет-Межд] Al Roussi / 22-08-2025,21031,Коффер,32,500,500,Авиа,НЕТ,https://docs.google.com/spreadsheets/d/1fgWVp6XOOYmc-VuSdMTrGZzF0S8vloAE-yHjxVHOlCE
279,[Просчет-Межд] Al Roussi / 22-08-2025,21031,Коффер,32,500,1000,Авиа,НЕТ,https://docs.google.com/spreadsheets/d/1fgWVp6XOOYmc-VuSdMTrGZzF0S8vloAE-yHjxVHOlCE
279,[Просчет-Межд] Al Roussi / 22-08-2025,21032,Плед,34,500,500,Авиа,НЕТ,https://docs.google.com/spreadsheets/d/1fgWVp6XOOYmc-VuSdMTrGZzF0S8vloAE-yHjxVHOlCE
279,[Просчет-Межд] Al Roussi / 22-08-2025,21032,Плед,34,500,1000,Авиа,НЕТ,https://docs.google.com/spreadsheets/d/1fgWVp6XOOYmc-VuSdMTrGZzF0S8vloAE-yHjxVHOlCE
279,[Просчет-Межд] Al Roussi / 22-08-2025,21033,Мини-колонка,36,500,500,Авиа,НЕТ,https://docs.google.com/spreadsheets/d/1fgWVp6XOOYmc-VuSdMTrGZzF0S8vloAE-yHjxVHOlCE
279,[Просчет-Межд] Al Roussi / 22-08-2025,21033,Мини-колонка,36,500,1000,Авиа,НЕТ,https://docs.google.com/spreadsheets/d/1fgWVp6XOOYmc-VuSdMTrGZzF0S8vloAE-yHjxVHOlCE
279,[Просчет-Межд] Al Roussi / 22-08-2025,21034,Плед,38,500,500,Авиа,НЕТ,https://docs.google.com/spreadsheets/d/1fgWVp6XOOYmc-VuSdMTrGZzF0S8vloAE-yHjxVHOlCE
279,[Просчет-Межд] Al Roussi / 22-08-2025,21034,Плед,38,500,1000,Авиа,НЕТ,https://docs.google.com/spreadsheets/d/1fgWVp6XOOYmc-VuSdMTrGZzF0S8vloAE-yHjxVHOlCE
279,[Просчет-Межд] Al Roussi / 22-08-2025,21035,Мини-колонка,40,500,500,Авиа,НЕТ,https://docs.google.com/spreadsheets/d/1fgWVp6XOOYmc-VuSdMTrGZzF0S8vloAE-yHjxVHOlCE
279,[Просчет-Межд] Al Roussi / 22-08-2025,21035,Мини-колонка,40,500,1000,Авиа,НЕТ,https://docs.google.com/spreadsheets/d/1fgWVp6XOOYmc-VuSdMTrGZzF0S8vloAE-yHjxVHOlCE
279,[Просчет-Межд] Al Roussi / 22-08-2025,21036,Шоппер,42,500,500,Авиа,НЕТ,https://docs.google.com/spreadsheets/d/1fgWVp6XOOYmc-VuSdMTrGZzF0S8vloAE-yHjxVHOlCE
279,[Просчет-Межд] Al Roussi / 22-08-2025,21036,Шоппер,42,500,1000,Авиа,НЕТ,https://docs.google.com/spreadsheets/d/1fgWVp6XOOYmc-VuSdMTrGZzF0S8vloAE-yHjxVHOlCE
279,[Просчет-Межд] Al Roussi / 22-08-2025,21037,Шоппер,44,500,500,Авиа,НЕТ,https://docs.google.com/spreadsheets/d/1fgWVp6XOOYmc-VuSdMTrGZzF0S8vloAE-yHjxVHOlCE
279,[Просчет-Межд] Al Roussi / 22-08-2025,21037,Шоппер,44,500,1000,Авиа,НЕТ,https://docs.google.com/spreadsheets/d/1fgWVp6XOOYmc-VuSdMTrGZzF0S8vloAE-yHjxVHOlCE
279,[Просчет-Межд] Al Roussi / 22-08-2025,21038,Шоппер,46,500,500,Авиа,НЕТ,https://docs.google.com/spreadsheets/d/1fgWVp6XOOYmc-VuSdMTrGZzF0S8vloAE-yHjxVHOlCE
279,[Просчет-Межд] Al Roussi / 22-08-2025,21038,Шоппер,46,500,1000,Авиа,НЕТ,https://docs.google.com/spreadsheets/d/1fgWVp6XOOYmc-VuSdMTrGZzF0S8vloAE-yHjxVHOlCE
279,[Просчет-Межд] Al Roussi / 22-08-2025,21039,Термокружка,48,500,500,Авиа,НЕТ,https://docs.google.com/spreadsheets/d/1fgWVp6XOOYmc-VuSdMTrGZzF0S8vloAE-yHjxVHOlCE
279,[Просчет-Межд] Al Roussi / 22-08-2025,21039,Термокружка,48,500,1000,Авиа,НЕТ,https://docs.google.com/spreadsheets/d/1fgWVp6XOOYmc-VuSdMTrGZzF0S8vloAE-yHjxVHOlCE
279,[Просчет-Межд] Al Roussi / 22-08-2025,21040,Картхолдер,50,500,500,Авиа,НЕТ,https://docs.google.com/spreadsheets/d/1fgWVp6XOOYmc-VuSdMTrGZzF0S8vloAE-yHjxVHOlCE
279,[Просчет-Межд] Al Roussi / 22-08-2025,21040,Картхолдер,50,500,1000,Авиа,НЕТ,https://docs.google.com/spreadsheets/d/1fgWVp6XOOYmc-VuSdMTrGZzF0S8vloAE-yHjxVHOlCE
279,[Просчет-Межд] Al Roussi / 22-08-2025,21041,Поп-сокет,52,500,500,Авиа,НЕТ,https://docs.google.com/spreadsheets/d/1fgWVp6XOOYmc-VuSdMTrGZzF0S8vloAE-yHjxVHOlCE
279,[Просчет-Межд] Al Roussi / 22-08-2025,21041,Поп-сокет,52,500,1000,Авиа,НЕТ,https://docs.google.com/spreadsheets/d/1fgWVp6XOOYmc-VuSdMTrGZzF0S8vloAE-yHjxVHOlCE
279,[Просчет-Межд] Al Roussi / 22-08-2025,21042,Поп-сокет,54,500,500,Авиа,НЕТ,https://docs.google.com/spreadsheets/d/1fgWVp6XOOYmc-VuSdMTrGZzF0S8vloAE-yHjxVHOlCE
279,[Просчет-Межд] Al Roussi / 22-08-2025,21042,Поп-сокет,54,500,1000,Авиа,НЕТ,https://docs.google.com/spreadsheets/d/1fgWVp6XOOYmc-VuSdMTrGZzF0S8vloAE-yHjxVHOlCE
279,[Просчет-Межд] Al Roussi / 22-08-2025,21043,Чехол для очков,56,500,500,Авиа,НЕТ,https://docs.google.com/spreadsheets/d/1fgWVp6XOOYmc-VuSdMTrGZzF0S8vloAE-yHjxVHOlCE
279,[Просчет-Межд] Al Roussi / 22-08-2025,21043,Чехол для очков,56,500,1000,Авиа,НЕТ,https://docs.google.com/spreadsheets/d/1fgWVp6XOOYmc-VuSdMTrGZzF0S8vloAE-yHjxVHOlCE
279,[Просчет-Межд] Al Roussi / 22-08-2025,21044,Обвес с бусинами длинный,58,500,500,Авиа,НЕТ,https://docs.google.com/spreadsheets/d/1fgWVp6XOOYmc-VuSdMTrGZzF0S8vloAE-yHjxVHOlCE
279,[Просчет-Межд] Al Roussi / 22-08-2025,21044,Обвес с бусинами длинный,58,500,1000,Авиа,НЕТ,https://docs.google.com/spreadsheets/d/1fgWVp6XOOYmc-VuSdMTrGZzF0S8vloAE-yHjxVHOlCE
279,[Просчет-Межд] Al Roussi / 22-08-2025,21045,Обвес с бусинами короткий,60,500,500,Авиа,НЕТ,https://docs.google.com/spreadsheets/d/1fgWVp6XOOYmc-VuSdMTrGZzF0S8vloAE-yHjxVHOlCE
279,[Просчет-Межд] Al Roussi / 22-08-2025,21045,Обвес с бусинами короткий,60,500,1000,Авиа,НЕТ,https://docs.google.com/spreadsheets/d/1fgWVp6XOOYmc-VuSdMTrGZzF0S8vloAE-yHjxVHOlCE
279,[Просчет-Межд] Al Roussi / 22-08-2025,21046,Футболка,62,500,500,Авиа,НЕТ,https://docs.google.com/spreadsheets/d/1fgWVp6XOOYmc-VuSdMTrGZzF0S8vloAE-yHjxVHOlCE
279,[Просчет-Межд] Al Roussi / 22-08-2025,21046,Футболка,62,500,1000,Авиа,НЕТ,https://docs.google.com/spreadsheets/d/1fgWVp6XOOYmc-VuSdMTrGZzF0S8vloAE-yHjxVHOlCE
279,[Просчет-Межд] Al Roussi / 22-08-2025,21047,Чашка с блендером,64,500,500,Авиа,НЕТ,https://docs.google.com/spreadsheets/d/1fgWVp6XOOYmc-VuSdMTrGZzF0S8vloAE-yHjxVHOlCE
279,[Просчет-Межд] Al Roussi / 22-08-2025,21047,Чашка с блендером,64,500,1000,Авиа,НЕТ,https://docs.google.com/spreadsheets/d/1fgWVp6XOOYmc-VuSdMTrGZzF0S8vloAE-yHjxVHOlCE
279,[Просчет-Межд] Al Roussi / 22-08-2025,21048,Коффер,66,500,500,Авиа,НЕТ,https://docs.google.com/spreadsheets/d/1fgWVp6XOOYmc-VuSdMTrGZzF0S8vloAE-yHjxVHOlCE
279,[Просчет-Межд] Al Roussi / 22-08-2025,21048,Коффер,66,500,1000,Авиа,НЕТ,https://docs.google.com/spreadsheets/d/1fgWVp6XOOYmc-VuSdMTrGZzF0S8vloAE-yHjxVHOlCE
279,[Просчет-Межд] Al Roussi / 22-08-2025,21049,Бутылка,68,500,500,Авиа,НЕТ,https://docs.google.com/spreadsheets/d/1fgWVp6XOOYmc-VuSdMTrGZzF0S8vloAE-yHjxVHOlCE
279,[Просчет-Межд] Al Roussi / 22-08-2025,21049,Бутылка,68,500,1000,Авиа,НЕТ,https://docs.google.com/spreadsheets/d/1fgWVp6XOOYmc-VuSdMTrGZzF0S8vloAE-yHjxVHOlCE
279,[Просчет-Межд] Al Roussi / 22-08-2025,21050,Вентилятор,70,500,500,Авиа,НЕТ,https://docs.google.com/spreadsheets/d/1fgWVp6XOOYmc-VuSdMTrGZzF0S8vloAE-yHjxVHOlCE
279,[Просчет-Межд] Al Roussi / 22-08-2025,21050,Вентилятор,70,500,1000,Авиа,НЕТ,https://docs.google.com/spreadsheets/d/1fgWVp6XOOYmc-VuSdMTrGZzF0S8vloAE-yHjxVHOlCE
279,[Просчет-Межд] Al Roussi / 22-08-2025,21051,Термобутылка,72,500,500,Авиа,НЕТ,https://docs.google.com/spreadsheets/d/1fgWVp6XOOYmc-VuSdMTrGZzF0S8vloAE-yHjxVHOlCE
279,[Просчет-Межд] Al Roussi / 22-08-2025,21051,Термобутылка,72,500,1000,Авиа,НЕТ,https://docs.google.com/spreadsheets/d/1fgWVp6XOOYmc-VuSdMTrGZzF0S8vloAE-yHjxVHOlCE
279,[Просчет-Межд] Al Roussi / 22-08-2025,21052,Коробка маленькая,74,5000,5000,Авиа,НЕТ,https://docs.google.com/spreadsheets/d/1fgWVp6XOOYmc-VuSdMTrGZzF0S8vloAE-yHjxVHOlCE
279,[Просчет-Межд] Al Roussi / 22-08-2025,21052,Коробка маленькая,74,5000,8000,Авиа,НЕТ,https://docs.google.com/spreadsheets/d/1fgWVp6XOOYmc-VuSdMTrGZzF0S8vloAE-yHjxVHOlCE
279,[Просчет-Межд] Al Roussi / 22-08-2025,21053,Коробка средняя,76,5000,5000,Авиа,НЕТ,https://docs.google.com/spreadsheets/d/1fgWVp6XOOYmc-VuSdMTrGZzF0S8vloAE-yHjxVHOlCE
279,[Просчет-Межд] Al Roussi / 22-08-2025,21053,Коробка средняя,76,5000,8000,Авиа,НЕТ,https://docs.google.com/spreadsheets/d/1fgWVp6XOOYmc-VuSdMTrGZzF0S8vloAE-yHjxVHOlCE
279,[Просчет-Межд] Al Roussi / 22-08-2025,21054,Бутылка,78,500,500,Авиа,НЕТ,https://docs.google.com/spreadsheets/d/1fgWVp6XOOYmc-VuSdMTrGZzF0S8vloAE-yHjxVHOlCE
279,[Просчет-Межд] Al Roussi / 22-08-2025,21054,Бутылка,78,500,1000,Авиа,НЕТ,https://docs.google.com/spreadsheets/d/1fgWVp6XOOYmc-VuSdMTrGZzF0S8vloAE-yHjxVHOlCE
279,[Просчет-Межд] Al Roussi / 22-08-2025,21055,Шоппер,80,500,500,Авиа,НЕТ,https://docs.google.com/spreadsheets/d/1fgWVp6XOOYmc-VuSdMTrGZzF0S8vloAE-yHjxVHOlCE
279,[Просчет-Межд] Al Roussi / 22-08-2025,21055,Шоппер,80,500,1000,Авиа,НЕТ,https://docs.google.com/spreadsheets/d/1fgWVp6XOOYmc-VuSdMTrGZzF0S8vloAE-yHjxVHOlCE
279,[Просчет-Межд] Al Roussi / 22-08-2025,21056,Шоппер,82,500,500,Авиа,НЕТ,https://docs.google.com/spreadsheets/d/1fgWVp6XOOYmc-VuSdMTrGZzF0S8vloAE-yHjxVHOlCE
279,[Просчет-Межд] Al Roussi / 22-08-2025,21056,Шоппер,82,500,1000,Авиа,НЕТ,https://docs.google.com/spreadsheets/d/1fgWVp6XOOYmc-VuSdMTrGZzF0S8vloAE-yHjxVHOlCE
279,[Просчет-Межд] Al Roussi / 22-08-2025,21057,Складной стакан,84,500,500,Авиа,НЕТ,https://docs.google.com/spreadsheets/d/1fgWVp6XOOYmc-VuSdMTrGZzF0S8vloAE-yHjxVHOlCE
279,[Просчет-Межд] Al Roussi / 22-08-2025,21057,Складной стакан,84,500,1000,Авиа,НЕТ,https://docs.google.com/spreadsheets/d/1fgWVp6XOOYmc-VuSdMTrGZzF0S8vloAE-yHjxVHOlCE
279,[Просчет-Межд] Al Roussi / 22-08-2025,21058,Светильник в форме книги,86,500,500,Авиа,НЕТ,https://docs.google.com/spreadsheets/d/1fgWVp6XOOYmc-VuSdMTrGZzF0S8vloAE-yHjxVHOlCE
279,[Просчет-Межд] Al Roussi / 22-08-2025,21058,Светильник в форме книги,86,500,1000,Авиа,НЕТ,https://docs.google.com/spreadsheets/d/1fgWVp6XOOYmc-VuSdMTrGZzF0S8vloAE-yHjxVHOlCE
279,[Просчет-Межд] Al Roussi / 22-08-2025,21059,Бутылка для воды,88,1000,1000,Авиа,НЕТ,https://docs.google.com/spreadsheets/d/1fgWVp6XOOYmc-VuSdMTrGZzF0S8vloAE-yHjxVHOlCE
279,[Просчет-Межд] Al Roussi / 22-08-2025,21060,Подставка для телефона,90,200,500,Авиа,НЕТ,https://docs.google.com/spreadsheets/d/1fgWVp6XOOYmc-VuSdMTrGZzF0S8vloAE-yHjxVHOlCE
279,[Просчет-Межд] Al Roussi / 22-08-2025,21060,Подставка для телефона,90,200,1000,Авиа,НЕТ,https://docs.google.com/spreadsheets/d/1fgWVp6XOOYmc-VuSdMTrGZzF0S8vloAE-yHjxVHOlCE
279,[Просчет-Межд] Al Roussi / 22-08-2025,21061,Дорожная сумка,93,500,500,Авиа,НЕТ,https://docs.google.com/spreadsheets/d/1fgWVp6XOOYmc-VuSdMTrGZzF0S8vloAE-yHjxVHOlCE
279,[Просчет-Межд] Al Roussi / 22-08-2025,21061,Дорожная сумка,93,500,1000,Авиа,НЕТ,https://docs.google.com/spreadsheets/d/1fgWVp6XOOYmc-VuSdMTrGZzF0S8vloAE-yHjxVHOlCE
279,[Просчет-Межд] Al Roussi / 22-08-2025,21062,Шоппер,95,500,500,Авиа,НЕТ,https://docs.google.com/spreadsheets/d/1fgWVp6XOOYmc-VuSdMTrGZzF0S8vloAE-yHjxVHOlCE
279,[Просчет-Межд] Al Roussi / 22-08-2025,21062,Шоппер,95,500,1000,Авиа,НЕТ,https://docs.google.com/spreadsheets/d/1fgWVp6XOOYmc-VuSdMTrGZzF0S8vloAE-yHjxVHOlCE
279,[Просчет-Межд] Al Roussi / 22-08-2025,21063,Светильник,97,500,500,Авиа,НЕТ,https://docs.google.com/spreadsheets/d/1fgWVp6XOOYmc-VuSdMTrGZzF0S8vloAE-yHjxVHOlCE
279,[Просчет-Межд] Al Roussi / 22-08-2025,21063,Светильник,97,500,1000,Авиа,НЕТ,https://docs.google.com/spreadsheets/d/1fgWVp6XOOYmc-VuSdMTrGZzF0S8vloAE-yHjxVHOlCE
2274,[Просчет] Яна Березнева / Мосстройинформ фарфор 23-07-2025,4853,Дизайн: цветная деколь,4,300,5000,Доставка АВИА,НЕТ,https://docs.google.com/spreadsheets/d/1NZe6c89VxrFHI8anhPbAEKX9ToIDfySGtoQPkuKWOE0
2274,[Просчет] Яна Березнева / Мосстройинформ фарфор 23-07-2025,4853,Дизайн: цветная деколь,4,300,10000,Доставка ЖД,НЕТ,https://docs.google.com/spreadsheets/d/1NZe6c89VxrFHI8anhPbAEKX9ToIDfySGtoQPkuKWOE0
2274,[Просчет] Яна Березнева / Мосстройинформ фарфор 23-07-2025,4853,Дизайн: цветная деколь,4,300,10000,Доставка АВИА,НЕТ,https://docs.google.com/spreadsheets/d/1NZe6c89VxrFHI8anhPbAEKX9ToIDfySGtoQPkuKWOE0
2274,[Просчет] Яна Березнева / Мосстройинформ фарфор 23-07-2025,4853,Дизайн: цветная деколь,4,300,3000,Доставка АВИА,ДА,https://docs.google.com/spreadsheets/d/1NZe6c89VxrFHI8anhPbAEKX9ToIDfySGtoQPkuKWOE0
2274,[Просчет] Яна Березнева / Мосстройинформ фарфор 23-07-2025,4853,Дизайн: цветная деколь,4,300,25000,Доставка ЖД,НЕТ,https://docs.google.com/spreadsheets/d/1NZe6c89VxrFHI8anhPbAEKX9ToIDfySGtoQPkuKWOE0
2274,[Просчет] Яна Березнева / Мосстройинформ фарфор 23-07-2025,4853,Дизайн: цветная деколь,4,300,25000,Доставка АВИА,НЕТ,https://docs.google.com/spreadsheets/d/1NZe6c89VxrFHI8anhPbAEKX9ToIDfySGtoQPkuKWOE0
2274,[Просчет] Яна Березнева / Мосстройинформ фарфор 23-07-2025,4853,Дизайн: цветная деколь,4,300,35000,Доставка ЖД,НЕТ,https://docs.google.com/spreadsheets/d/1NZe6c89VxrFHI8anhPbAEKX9ToIDfySGtoQPkuKWOE0
2274,[Просчет] Яна Березнева / Мосстройинформ фарфор 23-07-2025,4853,Дизайн: цветная деколь,4,300,35000,Доставка АВИА,НЕТ,https://docs.google.com/spreadsheets/d/1NZe6c89VxrFHI8anhPbAEKX9ToIDfySGtoQPkuKWOE0
2274,[Просчет] Яна Березнева / Мосстройинформ фарфор 23-07-2025,4853,Дизайн: цветная деколь,4,300,5000,Доставка ЖД,НЕТ,https://docs.google.com/spreadsheets/d/1NZe6c89VxrFHI8anhPbAEKX9ToIDfySGtoQPkuKWOE0
2274,[Просчет] Яна Березнева / Мосстройинформ фарфор 23-07-2025,4853,Дизайн: цветная деколь,4,300,3000,Доставка ЖД,ДА,https://docs.google.com/spreadsheets/d/1NZe6c89VxrFHI8anhPbAEKX9ToIDfySGtoQPkuKWOE0
2274,[Просчет] Яна Березнева / Мосстройинформ фарфор 23-07-2025,4854,Дизайн: белье,9,300-999,1000,Доставка ЖД,НЕТ,https://docs.google.com/spreadsheets/d/1NZe6c89VxrFHI8anhPbAEKX9ToIDfySGtoQPkuKWOE0
2274,[Просчет] Яна Березнева / Мосстройинформ фарфор 23-07-2025,4854,Дизайн: белье,9,300-999,1000,Доставка АВИА,НЕТ,https://docs.google.com/spreadsheets/d/1NZe6c89VxrFHI8anhPbAEKX9ToIDfySGtoQPkuKWOE0
2274,[Просчет] Яна Березнева / Мосстройинформ фарфор 23-07-2025,4855,Дизайн: белье,11,1000,25000,Доставка ЖД,НЕТ,https://docs.google.com/spreadsheets/d/1NZe6c89VxrFHI8anhPbAEKX9ToIDfySGtoQPkuKWOE0
2274,[Просчет] Яна Березнева / Мосстройинформ фарфор 23-07-2025,4855,Дизайн: белье,11,1000,25000,Доставка АВИА,НЕТ,https://docs.google.com/spreadsheets/d/1NZe6c89VxrFHI8anhPbAEKX9ToIDfySGtoQPkuKWOE0
2274,[Просчет] Яна Березнева / Мосстройинформ фарфор 23-07-2025,4855,Дизайн: белье,11,1000,35000,Доставка ЖД,НЕТ,https://docs.google.com/spreadsheets/d/1NZe6c89VxrFHI8anhPbAEKX9ToIDfySGtoQPkuKWOE0
2274,[Просчет] Яна Березнева / Мосстройинформ фарфор 23-07-2025,4855,Дизайн: белье,11,1000,10000,Доставка ЖД,ДА,https://docs.google.com/spreadsheets/d/1NZe6c89VxrFHI8anhPbAEKX9ToIDfySGtoQPkuKWOE0
2274,[Просчет] Яна Березнева / Мосстройинформ фарфор 23-07-2025,4855,Дизайн: белье,11,1000,35000,Доставка АВИА,НЕТ,https://docs.google.com/spreadsheets/d/1NZe6c89VxrFHI8anhPbAEKX9ToIDfySGtoQPkuKWOE0
2274,[Просчет] Яна Березнева / Мосстройинформ фарфор 23-07-2025,4855,Дизайн: белье,11,1000,10000,Доставка АВИА,ДА,https://docs.google.com/spreadsheets/d/1NZe6c89VxrFHI8anhPbAEKX9ToIDfySGtoQPkuKWOE0
2274,[Просчет] Яна Березнева / Мосстройинформ фарфор 23-07-2025,4856,Дизайн: цветная деколь+серебро,14,1000,10000,Доставка ЖД,ДА,https://docs.google.com/spreadsheets/d/1NZe6c89VxrFHI8anhPbAEKX9ToIDfySGtoQPkuKWOE0
2274,[Просчет] Яна Березнева / Мосстройинформ фарфор 23-07-2025,4856,Дизайн: цветная деколь+серебро,14,1000,10000,Доставка АВИА,ДА,https://docs.google.com/spreadsheets/d/1NZe6c89VxrFHI8anhPbAEKX9ToIDfySGtoQPkuKWOE0
2274,[Просчет] Яна Березнева / Мосстройинформ фарфор 23-07-2025,4856,Дизайн: цветная деколь+серебро,14,1000,25000,Доставка ЖД,НЕТ,https://docs.google.com/spreadsheets/d/1NZe6c89VxrFHI8anhPbAEKX9ToIDfySGtoQPkuKWOE0
2274,[Просчет] Яна Березнева / Мосстройинформ фарфор 23-07-2025,4856,Дизайн: цветная деколь+серебро,14,1000,25000,Доставка АВИА,НЕТ,https://docs.google.com/spreadsheets/d/1NZe6c89VxrFHI8anhPbAEKX9ToIDfySGtoQPkuKWOE0
2274,[Просчет] Яна Березнева / Мосстройинформ фарфор 23-07-2025,4856,Дизайн: цветная деколь+серебро,14,1000,35000,Доставка ЖД,НЕТ,https://docs.google.com/spreadsheets/d/1NZe6c89VxrFHI8anhPbAEKX9ToIDfySGtoQPkuKWOE0
2274,[Просчет] Яна Березнева / Мосстройинформ фарфор 23-07-2025,4856,Дизайн: цветная деколь+серебро,14,1000,35000,Доставка АВИА,НЕТ,https://docs.google.com/spreadsheets/d/1NZe6c89VxrFHI8anhPbAEKX9ToIDfySGtoQPkuKWOE0
2274,[Просчет] Яна Березнева / Мосстройинформ фарфор 23-07-2025,4857,Дизайн: белье,17,1000,25000,Доставка ЖД,НЕТ,https://docs.google.com/spreadsheets/d/1NZe6c89VxrFHI8anhPbAEKX9ToIDfySGtoQPkuKWOE0
2274,[Просчет] Яна Березнева / Мосстройинформ фарфор 23-07-2025,4857,Дизайн: белье,17,1000,25000,Доставка АВИА,НЕТ,https://docs.google.com/spreadsheets/d/1NZe6c89VxrFHI8anhPbAEKX9ToIDfySGtoQPkuKWOE0
2274,[Просчет] Яна Березнева / Мосстройинформ фарфор 23-07-2025,4857,Дизайн: белье,17,1000,35000,Доставка ЖД,НЕТ,https://docs.google.com/spreadsheets/d/1NZe6c89VxrFHI8anhPbAEKX9ToIDfySGtoQPkuKWOE0
2274,[Просчет] Яна Березнева / Мосстройинформ фарфор 23-07-2025,4857,Дизайн: белье,17,1000,10000,Доставка АВИА,ДА,https://docs.google.com/spreadsheets/d/1NZe6c89VxrFHI8anhPbAEKX9ToIDfySGtoQPkuKWOE0
2274,[Просчет] Яна Березнева / Мосстройинформ фарфор 23-07-2025,4857,Дизайн: белье,17,1000,35000,Доставка АВИА,НЕТ,https://docs.google.com/spreadsheets/d/1NZe6c89VxrFHI8anhPbAEKX9ToIDfySGtoQPkuKWOE0
2274,[Просчет] Яна Березнева / Мосстройинформ фарфор 23-07-2025,4857,Дизайн: белье,17,1000,10000,Доставка ЖД,ДА,https://docs.google.com/spreadsheets/d/1NZe6c89VxrFHI8anhPbAEKX9ToIDfySGtoQPkuKWOE0
2274,[Просчет] Яна Березнева / Мосстройинформ фарфор 23-07-2025,4858,Дизайн: цветная деколь+серебро,20,1000,10000,Доставка АВИА,ДА,https://docs.google.com/spreadsheets/d/1NZe6c89VxrFHI8anhPbAEKX9ToIDfySGtoQPkuKWOE0
2274,[Просчет] Яна Березнева / Мосстройинформ фарфор 23-07-2025,4858,Дизайн: цветная деколь+серебро,20,1000,25000,Доставка ЖД,НЕТ,https://docs.google.com/spreadsheets/d/1NZe6c89VxrFHI8anhPbAEKX9ToIDfySGtoQPkuKWOE0
2274,[Просчет] Яна Березнева / Мосстройинформ фарфор 23-07-2025,4858,Дизайн: цветная деколь+серебро,20,1000,25000,Доставка АВИА,НЕТ,https://docs.google.com/spreadsheets/d/1NZe6c89VxrFHI8anhPbAEKX9ToIDfySGtoQPkuKWOE0
2274,[Просчет] Яна Березнева / Мосстройинформ фарфор 23-07-2025,4858,Дизайн: цветная деколь+серебро,20,1000,35000,Доставка ЖД,НЕТ,https://docs.google.com/spreadsheets/d/1NZe6c89VxrFHI8anhPbAEKX9ToIDfySGtoQPkuKWOE0
2274,[Просчет] Яна Березнева / Мосстройинформ фарфор 23-07-2025,4858,Дизайн: цветная деколь+серебро,20,1000,35000,Доставка АВИА,НЕТ,https://docs.google.com/spreadsheets/d/1NZe6c89VxrFHI8anhPbAEKX9ToIDfySGtoQPkuKWOE0
2274,[Просчет] Яна Березнева / Мосстройинформ фарфор 23-07-2025,4858,Дизайн: цветная деколь+серебро,20,1000,10000,Доставка ЖД,ДА,https://docs.google.com/spreadsheets/d/1NZe6c89VxrFHI8anhPbAEKX9ToIDfySGtoQPkuKWOE0
2274,[Просчет] Яна Березнева / Мосстройинформ фарфор 23-07-2025,4859,Дизайн: белье,23,1000,10000,Доставка АВИА,ДА,https://docs.google.com/spreadsheets/d/1NZe6c89VxrFHI8anhPbAEKX9ToIDfySGtoQPkuKWOE0
2274,[Просчет] Яна Березнева / Мосстройинформ фарфор 23-07-2025,4859,Дизайн: белье,23,1000,25000,Доставка ЖД,НЕТ,https://docs.google.com/spreadsheets/d/1NZe6c89VxrFHI8anhPbAEKX9ToIDfySGtoQPkuKWOE0
2274,[Просчет] Яна Березнева / Мосстройинформ фарфор 23-07-2025,4859,Дизайн: белье,23,1000,25000,Доставка АВИА,НЕТ,https://docs.google.com/spreadsheets/d/1NZe6c89VxrFHI8anhPbAEKX9ToIDfySGtoQPkuKWOE0
2274,[Просчет] Яна Березнева / Мосстройинформ фарфор 23-07-2025,4859,Дизайн: белье,23,1000,35000,Доставка ЖД,НЕТ,https://docs.google.com/spreadsheets/d/1NZe6c89VxrFHI8anhPbAEKX9ToIDfySGtoQPkuKWOE0
2274,[Просчет] Яна Березнева / Мосстройинформ фарфор 23-07-2025,4859,Дизайн: белье,23,1000,35000,Доставка АВИА,НЕТ,https://docs.google.com/spreadsheets/d/1NZe6c89VxrFHI8anhPbAEKX9ToIDfySGtoQPkuKWOE0
2274,[Просчет] Яна Березнева / Мосстройинформ фарфор 23-07-2025,4859,Дизайн: белье,23,1000,10000,Доставка ЖД,ДА,https://docs.google.com/spreadsheets/d/1NZe6c89VxrFHI8anhPbAEKX9ToIDfySGtoQPkuKWOE0
2274,[Просчет] Яна Березнева / Мосстройинформ фарфор 23-07-2025,4860,Дизайн: цветная деколь+серебро,26,1000,25000,Доставка АВИА,НЕТ,https://docs.google.com/spreadsheets/d/1NZe6c89VxrFHI8anhPbAEKX9ToIDfySGtoQPkuKWOE0
2274,[Просчет] Яна Березнева / Мосстройинформ фарфор 23-07-2025,4860,Дизайн: цветная деколь+серебро,26,1000,10000,Доставка ЖД,ДА,https://docs.google.com/spreadsheets/d/1NZe6c89VxrFHI8anhPbAEKX9ToIDfySGtoQPkuKWOE0
2274,[Просчет] Яна Березнева / Мосстройинформ фарфор 23-07-2025,4860,Дизайн: цветная деколь+серебро,26,1000,10000,Доставка АВИА,ДА,https://docs.google.com/spreadsheets/d/1NZe6c89VxrFHI8anhPbAEKX9ToIDfySGtoQPkuKWOE0
2274,[Просчет] Яна Березнева / Мосстройинформ фарфор 23-07-2025,4860,Дизайн: цветная деколь+серебро,26,1000,25000,Доставка ЖД,НЕТ,https://docs.google.com/spreadsheets/d/1NZe6c89VxrFHI8anhPbAEKX9ToIDfySGtoQPkuKWOE0
2274,[Просчет] Яна Березнева / Мосстройинформ фарфор 23-07-2025,4860,Дизайн: цветная деколь+серебро,26,1000,35000,Доставка ЖД,НЕТ,https://docs.google.com/spreadsheets/d/1NZe6c89VxrFHI8anhPbAEKX9ToIDfySGtoQPkuKWOE0
2274,[Просчет] Яна Березнева / Мосстройинформ фарфор 23-07-2025,4860,Дизайн: цветная деколь+серебро,26,1000,35000,Доставка АВИА,НЕТ,https://docs.google.com/spreadsheets/d/1NZe6c89VxrFHI8anhPbAEKX9ToIDfySGtoQPkuKWOE0
2274,[Просчет] Яна Березнева / Мосстройинформ фарфор 23-07-2025,4861,Дизайн: белье,29,1000,10000,Доставка АВИА,ДА,https://docs.google.com/spreadsheets/d/1NZe6c89VxrFHI8anhPbAEKX9ToIDfySGtoQPkuKWOE0
2274,[Просчет] Яна Березнева / Мосстройинформ фарфор 23-07-2025,4861,Дизайн: белье,29,1000,25000,Доставка ЖД,НЕТ,https://docs.google.com/spreadsheets/d/1NZe6c89VxrFHI8anhPbAEKX9ToIDfySGtoQPkuKWOE0
2274,[Просчет] Яна Березнева / Мосстройинформ фарфор 23-07-2025,4861,Дизайн: белье,29,1000,25000,Доставка АВИА,НЕТ,https://docs.google.com/spreadsheets/d/1NZe6c89VxrFHI8anhPbAEKX9ToIDfySGtoQPkuKWOE0
2274,[Просчет] Яна Березнева / Мосстройинформ фарфор 23-07-2025,4861,Дизайн: белье,29,1000,35000,Доставка ЖД,НЕТ,https://docs.google.com/spreadsheets/d/1NZe6c89VxrFHI8anhPbAEKX9ToIDfySGtoQPkuKWOE0
2274,[Просчет] Яна Березнева / Мосстройинформ фарфор 23-07-2025,4861,Дизайн: белье,29,1000,35000,Доставка АВИА,НЕТ,https://docs.google.com/spreadsheets/d/1NZe6c89VxrFHI8anhPbAEKX9ToIDfySGtoQPkuKWOE0
2274,[Просчет] Яна Березнева / Мосстройинформ фарфор 23-07-2025,4861,Дизайн: белье,29,1000,10000,Доставка ЖД,ДА,https://docs.google.com/spreadsheets/d/1NZe6c89VxrFHI8anhPbAEKX9ToIDfySGtoQPkuKWOE0
2274,[Просчет] Яна Березнева / Мосстройинформ фарфор 23-07-2025,4862,Дизайн: цветная деколь+серебро,32,1000,10000,Доставка АВИА,ДА,https://docs.google.com/spreadsheets/d/1NZe6c89VxrFHI8anhPbAEKX9ToIDfySGtoQPkuKWOE0
2274,[Просчет] Яна Березнева / Мосстройинформ фарфор 23-07-2025,4862,Дизайн: цветная деколь+серебро,32,1000,25000,Доставка ЖД,НЕТ,https://docs.google.com/spreadsheets/d/1NZe6c89VxrFHI8anhPbAEKX9ToIDfySGtoQPkuKWOE0
2274,[Просчет] Яна Березнева / Мосстройинформ фарфор 23-07-2025,4862,Дизайн: цветная деколь+серебро,32,1000,25000,Доставка АВИА,НЕТ,https://docs.google.com/spreadsheets/d/1NZe6c89VxrFHI8anhPbAEKX9ToIDfySGtoQPkuKWOE0
2274,[Просчет] Яна Березнева / Мосстройинформ фарфор 23-07-2025,4862,Дизайн: цветная деколь+серебро,32,1000,35000,Доставка ЖД,НЕТ,https://docs.google.com/spreadsheets/d/1NZe6c89VxrFHI8anhPbAEKX9ToIDfySGtoQPkuKWOE0
2274,[Просчет] Яна Березнева / Мосстройинформ фарфор 23-07-2025,4862,Дизайн: цветная деколь+серебро,32,1000,35000,Доставка АВИА,НЕТ,https://docs.google.com/spreadsheets/d/1NZe6c89VxrFHI8anhPbAEKX9ToIDfySGtoQPkuKWOE0
2274,[Просчет] Яна Березнева / Мосстройинформ фарфор 23-07-2025,4862,Дизайн: цветная деколь+серебро,32,1000,10000,Доставка ЖД,ДА,https://docs.google.com/spreadsheets/d/1NZe6c89VxrFHI8anhPbAEKX9ToIDfySGtoQPkuKWOE0
2274,[Просчет] Яна Березнева / Мосстройинформ фарфор 23-07-2025,4863,Дизайн: белье,35,1000,10000,Доставка АВИА,ДА,https://docs.google.com/spreadsheets/d/1NZe6c89VxrFHI8anhPbAEKX9ToIDfySGtoQPkuKWOE0
2274,[Просчет] Яна Березнева / Мосстройинформ фарфор 23-07-2025,4863,Дизайн: белье,35,1000,25000,Доставка ЖД,НЕТ,https://docs.google.com/spreadsheets/d/1NZe6c89VxrFHI8anhPbAEKX9ToIDfySGtoQPkuKWOE0
2274,[Просчет] Яна Березнева / Мосстройинформ фарфор 23-07-2025,4863,Дизайн: белье,35,1000,25000,Доставка АВИА,НЕТ,https://docs.google.com/spreadsheets/d/1NZe6c89VxrFHI8anhPbAEKX9ToIDfySGtoQPkuKWOE0
2274,[Просчет] Яна Березнева / Мосстройинформ фарфор 23-07-2025,4863,Дизайн: белье,35,1000,35000,Доставка ЖД,НЕТ,https://docs.google.com/spreadsheets/d/1NZe6c89VxrFHI8anhPbAEKX9ToIDfySGtoQPkuKWOE0
2274,[Просчет] Яна Березнева / Мосстройинформ фарфор 23-07-2025,4863,Дизайн: белье,35,1000,35000,Доставка АВИА,НЕТ,https://docs.google.com/spreadsheets/d/1NZe6c89VxrFHI8anhPbAEKX9ToIDfySGtoQPkuKWOE0
2274,[Просчет] Яна Березнева / Мосстройинформ фарфор 23-07-2025,4863,Дизайн: белье,35,1000,10000,Доставка ЖД,ДА,https://docs.google.com/spreadsheets/d/1NZe6c89VxrFHI8anhPbAEKX9ToIDfySGtoQPkuKWOE0
2274,[Просчет] Яна Березнева / Мосстройинформ фарфор 23-07-2025,4864,Дизайн: цветная деколь+серебро,38,1000,10000,Доставка АВИА,ДА,https://docs.google.com/spreadsheets/d/1NZe6c89VxrFHI8anhPbAEKX9ToIDfySGtoQPkuKWOE0
2274,[Просчет] Яна Березнева / Мосстройинформ фарфор 23-07-2025,4864,Дизайн: цветная деколь+серебро,38,1000,25000,Доставка ЖД,НЕТ,https://docs.google.com/spreadsheets/d/1NZe6c89VxrFHI8anhPbAEKX9ToIDfySGtoQPkuKWOE0
2274,[Просчет] Яна Березнева / Мосстройинформ фарфор 23-07-2025,4864,Дизайн: цветная деколь+серебро,38,1000,25000,Доставка АВИА,НЕТ,https://docs.google.com/spreadsheets/d/1NZe6c89VxrFHI8anhPbAEKX9ToIDfySGtoQPkuKWOE0
2274,[Просчет] Яна Березнева / Мосстройинформ фарфор 23-07-2025,4864,Дизайн: цветная деколь+серебро,38,1000,35000,Доставка ЖД,НЕТ,https://docs.google.com/spreadsheets/d/1NZe6c89VxrFHI8anhPbAEKX9ToIDfySGtoQPkuKWOE0
2274,[Просчет] Яна Березнева / Мосстройинформ фарфор 23-07-2025,4864,Дизайн: цветная деколь+серебро,38,1000,35000,Доставка АВИА,НЕТ,https://docs.google.com/spreadsheets/d/1NZe6c89VxrFHI8anhPbAEKX9ToIDfySGtoQPkuKWOE0
2274,[Просчет] Яна Березнева / Мосстройинформ фарфор 23-07-2025,4864,Дизайн: цветная деколь+серебро,38,1000,10000,Доставка ЖД,ДА,https://docs.google.com/spreadsheets/d/1NZe6c89VxrFHI8anhPbAEKX9ToIDfySGtoQPkuKWOE0
2274,[Просчет] Яна Березнева / Мосстройинформ фарфор 23-07-2025,4865,Дизайн: белье,41,1000,10000,Доставка АВИА,ДА,https://docs.google.com/spreadsheets/d/1NZe6c89VxrFHI8anhPbAEKX9ToIDfySGtoQPkuKWOE0
2274,[Просчет] Яна Березнева / Мосстройинформ фарфор 23-07-2025,4865,Дизайн: белье,41,1000,25000,Доставка ЖД,НЕТ,https://docs.google.com/spreadsheets/d/1NZe6c89VxrFHI8anhPbAEKX9ToIDfySGtoQPkuKWOE0
2274,[Просчет] Яна Березнева / Мосстройинформ фарфор 23-07-2025,4865,Дизайн: белье,41,1000,25000,Доставка АВИА,НЕТ,https://docs.google.com/spreadsheets/d/1NZe6c89VxrFHI8anhPbAEKX9ToIDfySGtoQPkuKWOE0
2274,[Просчет] Яна Березнева / Мосстройинформ фарфор 23-07-2025,4865,Дизайн: белье,41,1000,35000,Доставка ЖД,НЕТ,https://docs.google.com/spreadsheets/d/1NZe6c89VxrFHI8anhPbAEKX9ToIDfySGtoQPkuKWOE0
2274,[Просчет] Яна Березнева / Мосстройинформ фарфор 23-07-2025,4865,Дизайн: белье,41,1000,35000,Доставка АВИА,НЕТ,https://docs.google.com/spreadsheets/d/1NZe6c89VxrFHI8anhPbAEKX9ToIDfySGtoQPkuKWOE0
2274,[Просчет] Яна Березнева / Мосстройинформ фарфор 23-07-2025,4865,Дизайн: белье,41,1000,10000,Доставка ЖД,ДА,https://docs.google.com/spreadsheets/d/1NZe6c89VxrFHI8anhPbAEKX9ToIDfySGtoQPkuKWOE0
2274,[Просчет] Яна Березнева / Мосстройинформ фарфор 23-07-2025,4866,Дизайн: цветная деколь+серебро,44,1000,10000,Доставка АВИА,ДА,https://docs.google.com/spreadsheets/d/1NZe6c89VxrFHI8anhPbAEKX9ToIDfySGtoQPkuKWOE0
2274,[Просчет] Яна Березнева / Мосстройинформ фарфор 23-07-2025,4866,Дизайн: цветная деколь+серебро,44,1000,25000,Доставка ЖД,НЕТ,https://docs.google.com/spreadsheets/d/1NZe6c89VxrFHI8anhPbAEKX9ToIDfySGtoQPkuKWOE0
2274,[Просчет] Яна Березнева / Мосстройинформ фарфор 23-07-2025,4866,Дизайн: цветная деколь+серебро,44,1000,25000,Доставка АВИА,НЕТ,https://docs.google.com/spreadsheets/d/1NZe6c89VxrFHI8anhPbAEKX9ToIDfySGtoQPkuKWOE0
2274,[Просчет] Яна Березнева / Мосстройинформ фарфор 23-07-2025,4866,Дизайн: цветная деколь+серебро,44,1000,35000,Доставка ЖД,НЕТ,https://docs.google.com/spreadsheets/d/1NZe6c89VxrFHI8anhPbAEKX9ToIDfySGtoQPkuKWOE0
2274,[Просчет] Яна Березнева / Мосстройинформ фарфор 23-07-2025,4866,Дизайн: цветная деколь+серебро,44,1000,35000,Доставка АВИА,НЕТ,https://docs.google.com/spreadsheets/d/1NZe6c89VxrFHI8anhPbAEKX9ToIDfySGtoQPkuKWOE0
2274,[Просчет] Яна Березнева / Мосстройинформ фарфор 23-07-2025,4866,Дизайн: цветная деколь+серебро,44,1000,10000,Доставка ЖД,ДА,https://docs.google.com/spreadsheets/d/1NZe6c89VxrFHI8anhPbAEKX9ToIDfySGtoQPkuKWOE0
2274,[Просчет] Яна Березнева / Мосстройинформ фарфор 23-07-2025,4867,Дизайн: белье,47,2500,25000,Доставка АВИА,ДА,https://docs.google.com/spreadsheets/d/1NZe6c89VxrFHI8anhPbAEKX9ToIDfySGtoQPkuKWOE0
2274,[Просчет] Яна Березнева / Мосстройинформ фарфор 23-07-2025,4867,Дизайн: белье,47,2500,25000,Доставка ЖД,ДА,https://docs.google.com/spreadsheets/d/1NZe6c89VxrFHI8anhPbAEKX9ToIDfySGtoQPkuKWOE0
2274,[Просчет] Яна Березнева / Мосстройинформ фарфор 23-07-2025,4868,Дизайн: цветная деколь+серебро,48,2500,25000,Доставка ЖД,ДА,https://docs.google.com/spreadsheets/d/1NZe6c89VxrFHI8anhPbAEKX9ToIDfySGtoQPkuKWOE0
2274,[Просчет] Яна Березнева / Мосстройинформ фарфор 23-07-2025,4868,Дизайн: цветная деколь+серебро,48,2500,25000,Доставка АВИА,ДА,https://docs.google.com/spreadsheets/d/1NZe6c89VxrFHI8anhPbAEKX9ToIDfySGtoQPkuKWOE0
2265,[Просчет-РФ] Лаура Гугкаева / Пледы: 3000/5000/7000/15000/20000 шт 24-07-2025,15315,Плед с бахромой,4,3000,3000,ЖД,НЕТ,https://docs.google.com/spreadsheets/d/1YQNIEJtUAb1FyL_Ntm0nHFRxezxihMoImDnMwTL8VlA
2265,[Просчет-РФ] Лаура Гугкаева / Пледы: 3000/5000/7000/15000/20000 шт 24-07-2025,15315,Плед с бахромой,4,3000,3000,АВИА,НЕТ,https://docs.google.com/spreadsheets/d/1YQNIEJtUAb1FyL_Ntm0nHFRxezxihMoImDnMwTL8VlA
2265,[Просчет-РФ] Лаура Гугкаева / Пледы: 3000/5000/7000/15000/20000 шт 24-07-2025,15315,Плед с бахромой,4,3000,5000,ЖД,НЕТ,https://docs.google.com/spreadsheets/d/1YQNIEJtUAb1FyL_Ntm0nHFRxezxihMoImDnMwTL8VlA
2265,[Просчет-РФ] Лаура Гугкаева / Пледы: 3000/5000/7000/15000/20000 шт 24-07-2025,15315,Плед с бахромой,4,3000,5000,АВИА,НЕТ,https://docs.google.com/spreadsheets/d/1YQNIEJtUAb1FyL_Ntm0nHFRxezxihMoImDnMwTL8VlA
2265,[Просчет-РФ] Лаура Гугкаева / Пледы: 3000/5000/7000/15000/20000 шт 24-07-2025,15315,Плед с бахромой,4,3000,7000,ЖД,НЕТ,https://docs.google.com/spreadsheets/d/1YQNIEJtUAb1FyL_Ntm0nHFRxezxihMoImDnMwTL8VlA
2265,[Просчет-РФ] Лаура Гугкаева / Пледы: 3000/5000/7000/15000/20000 шт 24-07-2025,15315,Плед с бахромой,4,3000,7000,АВИА,НЕТ,https://docs.google.com/spreadsheets/d/1YQNIEJtUAb1FyL_Ntm0nHFRxezxihMoImDnMwTL8VlA
2265,[Просчет-РФ] Лаура Гугкаева / Пледы: 3000/5000/7000/15000/20000 шт 24-07-2025,15315,Плед с бахромой,4,3000,15000,ЖД,НЕТ,https://docs.google.com/spreadsheets/d/1YQNIEJtUAb1FyL_Ntm0nHFRxezxihMoImDnMwTL8VlA
2265,[Просчет-РФ] Лаура Гугкаева / Пледы: 3000/5000/7000/15000/20000 шт 24-07-2025,15315,Плед с бахромой,4,3000,15000,АВИА,НЕТ,https://docs.google.com/spreadsheets/d/1YQNIEJtUAb1FyL_Ntm0nHFRxezxihMoImDnMwTL8VlA
2265,[Просчет-РФ] Лаура Гугкаева / Пледы: 3000/5000/7000/15000/20000 шт 24-07-2025,15315,Плед с бахромой,4,3000,20000,ЖД,НЕТ,https://docs.google.com/spreadsheets/d/1YQNIEJtUAb1FyL_Ntm0nHFRxezxihMoImDnMwTL8VlA
2265,[Просчет-РФ] Лаура Гугкаева / Пледы: 3000/5000/7000/15000/20000 шт 24-07-2025,15315,Плед с бахромой,4,3000,20000,АВИА,НЕТ,https://docs.google.com/spreadsheets/d/1YQNIEJtUAb1FyL_Ntm0nHFRxezxihMoImDnMwTL8VlA
2265,[Просчет-РФ] Лаура Гугкаева / Пледы: 3000/5000/7000/15000/20000 шт 24-07-2025,15316,Плед с бахромой,9,3000,3000,ЖД,НЕТ,https://docs.google.com/spreadsheets/d/1YQNIEJtUAb1FyL_Ntm0nHFRxezxihMoImDnMwTL8VlA
2265,[Просчет-РФ] Лаура Гугкаева / Пледы: 3000/5000/7000/15000/20000 шт 24-07-2025,15316,Плед с бахромой,9,3000,3000,АВИА,НЕТ,https://docs.google.com/spreadsheets/d/1YQNIEJtUAb1FyL_Ntm0nHFRxezxihMoImDnMwTL8VlA
2265,[Просчет-РФ] Лаура Гугкаева / Пледы: 3000/5000/7000/15000/20000 шт 24-07-2025,15316,Плед с бахромой,9,3000,5000,ЖД,НЕТ,https://docs.google.com/spreadsheets/d/1YQNIEJtUAb1FyL_Ntm0nHFRxezxihMoImDnMwTL8VlA
2265,[Просчет-РФ] Лаура Гугкаева / Пледы: 3000/5000/7000/15000/20000 шт 24-07-2025,15316,Плед с бахромой,9,3000,5000,АВИА,НЕТ,https://docs.google.com/spreadsheets/d/1YQNIEJtUAb1FyL_Ntm0nHFRxezxihMoImDnMwTL8VlA
2265,[Просчет-РФ] Лаура Гугкаева / Пледы: 3000/5000/7000/15000/20000 шт 24-07-2025,15316,Плед с бахромой,9,3000,7000,ЖД,НЕТ,https://docs.google.com/spreadsheets/d/1YQNIEJtUAb1FyL_Ntm0nHFRxezxihMoImDnMwTL8VlA
2265,[Просчет-РФ] Лаура Гугкаева / Пледы: 3000/5000/7000/15000/20000 шт 24-07-2025,15316,Плед с бахромой,9,3000,7000,АВИА,НЕТ,https://docs.google.com/spreadsheets/d/1YQNIEJtUAb1FyL_Ntm0nHFRxezxihMoImDnMwTL8VlA
2265,[Просчет-РФ] Лаура Гугкаева / Пледы: 3000/5000/7000/15000/20000 шт 24-07-2025,15316,Плед с бахромой,9,3000,15000,ЖД,НЕТ,https://docs.google.com/spreadsheets/d/1YQNIEJtUAb1FyL_Ntm0nHFRxezxihMoImDnMwTL8VlA
2265,[Просчет-РФ] Лаура Гугкаева / Пледы: 3000/5000/7000/15000/20000 шт 24-07-2025,15316,Плед с бахромой,9,3000,15000,АВИА,НЕТ,https://docs.google.com/spreadsheets/d/1YQNIEJtUAb1FyL_Ntm0nHFRxezxihMoImDnMwTL8VlA
2265,[Просчет-РФ] Лаура Гугкаева / Пледы: 3000/5000/7000/15000/20000 шт 24-07-2025,15316,Плед с бахромой,9,3000,20000,ЖД,НЕТ,https://docs.google.com/spreadsheets/d/1YQNIEJtUAb1FyL_Ntm0nHFRxezxihMoImDnMwTL8VlA
2265,[Просчет-РФ] Лаура Гугкаева / Пледы: 3000/5000/7000/15000/20000 шт 24-07-2025,15316,Плед с бахромой,9,3000,20000,АВИА,НЕТ,https://docs.google.com/spreadsheets/d/1YQNIEJtUAb1FyL_Ntm0nHFRxezxihMoImDnMwTL8VlA
2265,[Просчет-РФ] Лаура Гугкаева / Пледы: 3000/5000/7000/15000/20000 шт 24-07-2025,15317,Плед с бахромой,14,3000,3000,ЖД,НЕТ,https://docs.google.com/spreadsheets/d/1YQNIEJtUAb1FyL_Ntm0nHFRxezxihMoImDnMwTL8VlA
2265,[Просчет-РФ] Лаура Гугкаева / Пледы: 3000/5000/7000/15000/20000 шт 24-07-2025,15317,Плед с бахромой,14,3000,3000,АВИА,НЕТ,https://docs.google.com/spreadsheets/d/1YQNIEJtUAb1FyL_Ntm0nHFRxezxihMoImDnMwTL8VlA
2265,[Просчет-РФ] Лаура Гугкаева / Пледы: 3000/5000/7000/15000/20000 шт 24-07-2025,15317,Плед с бахромой,14,3000,5000,ЖД,НЕТ,https://docs.google.com/spreadsheets/d/1YQNIEJtUAb1FyL_Ntm0nHFRxezxihMoImDnMwTL8VlA
2265,[Просчет-РФ] Лаура Гугкаева / Пледы: 3000/5000/7000/15000/20000 шт 24-07-2025,15317,Плед с бахромой,14,3000,5000,АВИА,НЕТ,https://docs.google.com/spreadsheets/d/1YQNIEJtUAb1FyL_Ntm0nHFRxezxihMoImDnMwTL8VlA
2265,[Просчет-РФ] Лаура Гугкаева / Пледы: 3000/5000/7000/15000/20000 шт 24-07-2025,15317,Плед с бахромой,14,3000,7000,ЖД,НЕТ,https://docs.google.com/spreadsheets/d/1YQNIEJtUAb1FyL_Ntm0nHFRxezxihMoImDnMwTL8VlA
2265,[Просчет-РФ] Лаура Гугкаева / Пледы: 3000/5000/7000/15000/20000 шт 24-07-2025,15317,Плед с бахромой,14,3000,7000,АВИА,НЕТ,https://docs.google.com/spreadsheets/d/1YQNIEJtUAb1FyL_Ntm0nHFRxezxihMoImDnMwTL8VlA
2265,[Просчет-РФ] Лаура Гугкаева / Пледы: 3000/5000/7000/15000/20000 шт 24-07-2025,15317,Плед с бахромой,14,3000,15000,ЖД,НЕТ,https://docs.google.com/spreadsheets/d/1YQNIEJtUAb1FyL_Ntm0nHFRxezxihMoImDnMwTL8VlA
2265,[Просчет-РФ] Лаура Гугкаева / Пледы: 3000/5000/7000/15000/20000 шт 24-07-2025,15317,Плед с бахромой,14,3000,15000,АВИА,НЕТ,https://docs.google.com/spreadsheets/d/1YQNIEJtUAb1FyL_Ntm0nHFRxezxihMoImDnMwTL8VlA
2265,[Просчет-РФ] Лаура Гугкаева / Пледы: 3000/5000/7000/15000/20000 шт 24-07-2025,15317,Плед с бахромой,14,3000,20000,ЖД,НЕТ,https://docs.google.com/spreadsheets/d/1YQNIEJtUAb1FyL_Ntm0nHFRxezxihMoImDnMwTL8VlA
2265,[Просчет-РФ] Лаура Гугкаева / Пледы: 3000/5000/7000/15000/20000 шт 24-07-2025,15317,Плед с бахромой,14,3000,20000,АВИА,НЕТ,https://docs.google.com/spreadsheets/d/1YQNIEJtUAb1FyL_Ntm0nHFRxezxihMoImDnMwTL8VlA
2265,[Просчет-РФ] Лаура Гугкаева / Пледы: 3000/5000/7000/15000/20000 шт 24-07-2025,15318,Плед с бахромой,19,3000,3000,ЖД,НЕТ,https://docs.google.com/spreadsheets/d/1YQNIEJtUAb1FyL_Ntm0nHFRxezxihMoImDnMwTL8VlA
2265,[Просчет-РФ] Лаура Гугкаева / Пледы: 3000/5000/7000/15000/20000 шт 24-07-2025,15318,Плед с бахромой,19,3000,3000,АВИА,НЕТ,https://docs.google.com/spreadsheets/d/1YQNIEJtUAb1FyL_Ntm0nHFRxezxihMoImDnMwTL8VlA
2265,[Просчет-РФ] Лаура Гугкаева / Пледы: 3000/5000/7000/15000/20000 шт 24-07-2025,15318,Плед с бахромой,19,3000,5000,ЖД,НЕТ,https://docs.google.com/spreadsheets/d/1YQNIEJtUAb1FyL_Ntm0nHFRxezxihMoImDnMwTL8VlA
2265,[Просчет-РФ] Лаура Гугкаева / Пледы: 3000/5000/7000/15000/20000 шт 24-07-2025,15318,Плед с бахромой,19,3000,5000,АВИА,НЕТ,https://docs.google.com/spreadsheets/d/1YQNIEJtUAb1FyL_Ntm0nHFRxezxihMoImDnMwTL8VlA
2265,[Просчет-РФ] Лаура Гугкаева / Пледы: 3000/5000/7000/15000/20000 шт 24-07-2025,15318,Плед с бахромой,19,3000,7000,ЖД,НЕТ,https://docs.google.com/spreadsheets/d/1YQNIEJtUAb1FyL_Ntm0nHFRxezxihMoImDnMwTL8VlA
2265,[Просчет-РФ] Лаура Гугкаева / Пледы: 3000/5000/7000/15000/20000 шт 24-07-2025,15318,Плед с бахромой,19,3000,7000,АВИА,НЕТ,https://docs.google.com/spreadsheets/d/1YQNIEJtUAb1FyL_Ntm0nHFRxezxihMoImDnMwTL8VlA
2265,[Просчет-РФ] Лаура Гугкаева / Пледы: 3000/5000/7000/15000/20000 шт 24-07-2025,15318,Плед с бахромой,19,3000,15000,ЖД,НЕТ,https://docs.google.com/spreadsheets/d/1YQNIEJtUAb1FyL_Ntm0nHFRxezxihMoImDnMwTL8VlA
2265,[Просчет-РФ] Лаура Гугкаева / Пледы: 3000/5000/7000/15000/20000 шт 24-07-2025,15318,Плед с бахромой,19,3000,15000,АВИА,НЕТ,https://docs.google.com/spreadsheets/d/1YQNIEJtUAb1FyL_Ntm0nHFRxezxihMoImDnMwTL8VlA
2265,[Просчет-РФ] Лаура Гугкаева / Пледы: 3000/5000/7000/15000/20000 шт 24-07-2025,15318,Плед с бахромой,19,3000,20000,ЖД,НЕТ,https://docs.google.com/spreadsheets/d/1YQNIEJtUAb1FyL_Ntm0nHFRxezxihMoImDnMwTL8VlA
2265,[Просчет-РФ] Лаура Гугкаева / Пледы: 3000/5000/7000/15000/20000 шт 24-07-2025,15318,Плед с бахромой,19,3000,20000,АВИА,НЕТ,https://docs.google.com/spreadsheets/d/1YQNIEJtUAb1FyL_Ntm0nHFRxezxihMoImDnMwTL8VlA
2265,[Просчет-РФ] Лаура Гугкаева / Пледы: 3000/5000/7000/15000/20000 шт 24-07-2025,15319,Плед с бахромой,25,3000,3000,ЖД,НЕТ,https://docs.google.com/spreadsheets/d/1YQNIEJtUAb1FyL_Ntm0nHFRxezxihMoImDnMwTL8VlA
2265,[Просчет-РФ] Лаура Гугкаева / Пледы: 3000/5000/7000/15000/20000 шт 24-07-2025,15319,Плед с бахромой,25,3000,3000,АВИА,НЕТ,https://docs.google.com/spreadsheets/d/1YQNIEJtUAb1FyL_Ntm0nHFRxezxihMoImDnMwTL8VlA
2265,[Просчет-РФ] Лаура Гугкаева / Пледы: 3000/5000/7000/15000/20000 шт 24-07-2025,15319,Плед с бахромой,25,3000,5000,ЖД,НЕТ,https://docs.google.com/spreadsheets/d/1YQNIEJtUAb1FyL_Ntm0nHFRxezxihMoImDnMwTL8VlA
2265,[Просчет-РФ] Лаура Гугкаева / Пледы: 3000/5000/7000/15000/20000 шт 24-07-2025,15319,Плед с бахромой,25,3000,5000,АВИА,НЕТ,https://docs.google.com/spreadsheets/d/1YQNIEJtUAb1FyL_Ntm0nHFRxezxihMoImDnMwTL8VlA
2265,[Просчет-РФ] Лаура Гугкаева / Пледы: 3000/5000/7000/15000/20000 шт 24-07-2025,15319,Плед с бахромой,25,3000,7000,ЖД,НЕТ,https://docs.google.com/spreadsheets/d/1YQNIEJtUAb1FyL_Ntm0nHFRxezxihMoImDnMwTL8VlA
2265,[Просчет-РФ] Лаура Гугкаева / Пледы: 3000/5000/7000/15000/20000 шт 24-07-2025,15319,Плед с бахромой,25,3000,7000,АВИА,НЕТ,https://docs.google.com/spreadsheets/d/1YQNIEJtUAb1FyL_Ntm0nHFRxezxihMoImDnMwTL8VlA
2265,[Просчет-РФ] Лаура Гугкаева / Пледы: 3000/5000/7000/15000/20000 шт 24-07-2025,15319,Плед с бахромой,25,3000,15000,ЖД,НЕТ,https://docs.google.com/spreadsheets/d/1YQNIEJtUAb1FyL_Ntm0nHFRxezxihMoImDnMwTL8VlA
2265,[Просчет-РФ] Лаура Гугкаева / Пледы: 3000/5000/7000/15000/20000 шт 24-07-2025,15319,Плед с бахромой,25,3000,15000,АВИА,НЕТ,https://docs.google.com/spreadsheets/d/1YQNIEJtUAb1FyL_Ntm0nHFRxezxihMoImDnMwTL8VlA
2265,[Просчет-РФ] Лаура Гугкаева / Пледы: 3000/5000/7000/15000/20000 шт 24-07-2025,15319,Плед с бахромой,25,3000,20000,ЖД,НЕТ,https://docs.google.com/spreadsheets/d/1YQNIEJtUAb1FyL_Ntm0nHFRxezxihMoImDnMwTL8VlA
2265,[Просчет-РФ] Лаура Гугкаева / Пледы: 3000/5000/7000/15000/20000 шт 24-07-2025,15319,Плед с бахромой,25,3000,20000,АВИА,НЕТ,https://docs.google.com/spreadsheets/d/1YQNIEJtUAb1FyL_Ntm0nHFRxezxihMoImDnMwTL8VlA
2265,[Просчет-РФ] Лаура Гугкаева / Пледы: 3000/5000/7000/15000/20000 шт 24-07-2025,15320,Плед с бахромой,30,3000,3000,ЖД,НЕТ,https://docs.google.com/spreadsheets/d/1YQNIEJtUAb1FyL_Ntm0nHFRxezxihMoImDnMwTL8VlA
2265,[Просчет-РФ] Лаура Гугкаева / Пледы: 3000/5000/7000/15000/20000 шт 24-07-2025,15320,Плед с бахромой,30,3000,3000,АВИА,НЕТ,https://docs.google.com/spreadsheets/d/1YQNIEJtUAb1FyL_Ntm0nHFRxezxihMoImDnMwTL8VlA
2265,[Просчет-РФ] Лаура Гугкаева / Пледы: 3000/5000/7000/15000/20000 шт 24-07-2025,15320,Плед с бахромой,30,3000,5000,ЖД,НЕТ,https://docs.google.com/spreadsheets/d/1YQNIEJtUAb1FyL_Ntm0nHFRxezxihMoImDnMwTL8VlA
2265,[Просчет-РФ] Лаура Гугкаева / Пледы: 3000/5000/7000/15000/20000 шт 24-07-2025,15320,Плед с бахромой,30,3000,5000,АВИА,НЕТ,https://docs.google.com/spreadsheets/d/1YQNIEJtUAb1FyL_Ntm0nHFRxezxihMoImDnMwTL8VlA
2265,[Просчет-РФ] Лаура Гугкаева / Пледы: 3000/5000/7000/15000/20000 шт 24-07-2025,15320,Плед с бахромой,30,3000,7000,ЖД,НЕТ,https://docs.google.com/spreadsheets/d/1YQNIEJtUAb1FyL_Ntm0nHFRxezxihMoImDnMwTL8VlA
2265,[Просчет-РФ] Лаура Гугкаева / Пледы: 3000/5000/7000/15000/20000 шт 24-07-2025,15320,Плед с бахромой,30,3000,7000,АВИА,НЕТ,https://docs.google.com/spreadsheets/d/1YQNIEJtUAb1FyL_Ntm0nHFRxezxihMoImDnMwTL8VlA
2265,[Просчет-РФ] Лаура Гугкаева / Пледы: 3000/5000/7000/15000/20000 шт 24-07-2025,15320,Плед с бахромой,30,3000,15000,ЖД,НЕТ,https://docs.google.com/spreadsheets/d/1YQNIEJtUAb1FyL_Ntm0nHFRxezxihMoImDnMwTL8VlA
2265,[Просчет-РФ] Лаура Гугкаева / Пледы: 3000/5000/7000/15000/20000 шт 24-07-2025,15320,Плед с бахромой,30,3000,15000,АВИА,НЕТ,https://docs.google.com/spreadsheets/d/1YQNIEJtUAb1FyL_Ntm0nHFRxezxihMoImDnMwTL8VlA
2265,[Просчет-РФ] Лаура Гугкаева / Пледы: 3000/5000/7000/15000/20000 шт 24-07-2025,15320,Плед с бахромой,30,3000,20000,ЖД,НЕТ,https://docs.google.com/spreadsheets/d/1YQNIEJtUAb1FyL_Ntm0nHFRxezxihMoImDnMwTL8VlA
2265,[Просчет-РФ] Лаура Гугкаева / Пледы: 3000/5000/7000/15000/20000 шт 24-07-2025,15320,Плед с бахромой,30,3000,20000,АВИА,НЕТ,https://docs.google.com/spreadsheets/d/1YQNIEJtUAb1FyL_Ntm0nHFRxezxihMoImDnMwTL8VlA
2265,[Просчет-РФ] Лаура Гугкаева / Пледы: 3000/5000/7000/15000/20000 шт 24-07-2025,15321,Плед с бахромой,35,3000,3000,ЖД,НЕТ,https://docs.google.com/spreadsheets/d/1YQNIEJtUAb1FyL_Ntm0nHFRxezxihMoImDnMwTL8VlA
2265,[Просчет-РФ] Лаура Гугкаева / Пледы: 3000/5000/7000/15000/20000 шт 24-07-2025,15321,Плед с бахромой,35,3000,3000,АВИА,НЕТ,https://docs.google.com/spreadsheets/d/1YQNIEJtUAb1FyL_Ntm0nHFRxezxihMoImDnMwTL8VlA
2265,[Просчет-РФ] Лаура Гугкаева / Пледы: 3000/5000/7000/15000/20000 шт 24-07-2025,15321,Плед с бахромой,35,3000,5000,ЖД,НЕТ,https://docs.google.com/spreadsheets/d/1YQNIEJtUAb1FyL_Ntm0nHFRxezxihMoImDnMwTL8VlA
2265,[Просчет-РФ] Лаура Гугкаева / Пледы: 3000/5000/7000/15000/20000 шт 24-07-2025,15321,Плед с бахромой,35,3000,5000,АВИА,НЕТ,https://docs.google.com/spreadsheets/d/1YQNIEJtUAb1FyL_Ntm0nHFRxezxihMoImDnMwTL8VlA
2265,[Просчет-РФ] Лаура Гугкаева / Пледы: 3000/5000/7000/15000/20000 шт 24-07-2025,15321,Плед с бахромой,35,3000,7000,ЖД,НЕТ,https://docs.google.com/spreadsheets/d/1YQNIEJtUAb1FyL_Ntm0nHFRxezxihMoImDnMwTL8VlA
2265,[Просчет-РФ] Лаура Гугкаева / Пледы: 3000/5000/7000/15000/20000 шт 24-07-2025,15321,Плед с бахромой,35,3000,7000,АВИА,НЕТ,https://docs.google.com/spreadsheets/d/1YQNIEJtUAb1FyL_Ntm0nHFRxezxihMoImDnMwTL8VlA
2265,[Просчет-РФ] Лаура Гугкаева / Пледы: 3000/5000/7000/15000/20000 шт 24-07-2025,15321,Плед с бахромой,35,3000,15000,ЖД,НЕТ,https://docs.google.com/spreadsheets/d/1YQNIEJtUAb1FyL_Ntm0nHFRxezxihMoImDnMwTL8VlA
2265,[Просчет-РФ] Лаура Гугкаева / Пледы: 3000/5000/7000/15000/20000 шт 24-07-2025,15321,Плед с бахромой,35,3000,15000,АВИА,НЕТ,https://docs.google.com/spreadsheets/d/1YQNIEJtUAb1FyL_Ntm0nHFRxezxihMoImDnMwTL8VlA
2265,[Просчет-РФ] Лаура Гугкаева / Пледы: 3000/5000/7000/15000/20000 шт 24-07-2025,15321,Плед с бахромой,35,3000,20000,ЖД,НЕТ,https://docs.google.com/spreadsheets/d/1YQNIEJtUAb1FyL_Ntm0nHFRxezxihMoImDnMwTL8VlA
2265,[Просчет-РФ] Лаура Гугкаева / Пледы: 3000/5000/7000/15000/20000 шт 24-07-2025,15321,Плед с бахромой,35,3000,20000,АВИА,НЕТ,https://docs.google.com/spreadsheets/d/1YQNIEJtUAb1FyL_Ntm0nHFRxezxihMoImDnMwTL8VlA
2265,[Просчет-РФ] Лаура Гугкаева / Пледы: 3000/5000/7000/15000/20000 шт 24-07-2025,15322,Плед с бахромой,40,3000,3000,ЖД,НЕТ,https://docs.google.com/spreadsheets/d/1YQNIEJtUAb1FyL_Ntm0nHFRxezxihMoImDnMwTL8VlA
2265,[Просчет-РФ] Лаура Гугкаева / Пледы: 3000/5000/7000/15000/20000 шт 24-07-2025,15322,Плед с бахромой,40,3000,5000,ЖД,НЕТ,https://docs.google.com/spreadsheets/d/1YQNIEJtUAb1FyL_Ntm0nHFRxezxihMoImDnMwTL8VlA
2265,[Просчет-РФ] Лаура Гугкаева / Пледы: 3000/5000/7000/15000/20000 шт 24-07-2025,15322,Плед с бахромой,40,3000,5000,АВИА,НЕТ,https://docs.google.com/spreadsheets/d/1YQNIEJtUAb1FyL_Ntm0nHFRxezxihMoImDnMwTL8VlA
2265,[Просчет-РФ] Лаура Гугкаева / Пледы: 3000/5000/7000/15000/20000 шт 24-07-2025,15322,Плед с бахромой,40,3000,7000,ЖД,НЕТ,https://docs.google.com/spreadsheets/d/1YQNIEJtUAb1FyL_Ntm0nHFRxezxihMoImDnMwTL8VlA
2265,[Просчет-РФ] Лаура Гугкаева / Пледы: 3000/5000/7000/15000/20000 шт 24-07-2025,15322,Плед с бахромой,40,3000,7000,АВИА,НЕТ,https://docs.google.com/spreadsheets/d/1YQNIEJtUAb1FyL_Ntm0nHFRxezxihMoImDnMwTL8VlA
2265,[Просчет-РФ] Лаура Гугкаева / Пледы: 3000/5000/7000/15000/20000 шт 24-07-2025,15322,Плед с бахромой,40,3000,15000,ЖД,НЕТ,https://docs.google.com/spreadsheets/d/1YQNIEJtUAb1FyL_Ntm0nHFRxezxihMoImDnMwTL8VlA
2265,[Просчет-РФ] Лаура Гугкаева / Пледы: 3000/5000/7000/15000/20000 шт 24-07-2025,15322,Плед с бахромой,40,3000,15000,АВИА,НЕТ,https://docs.google.com/spreadsheets/d/1YQNIEJtUAb1FyL_Ntm0nHFRxezxihMoImDnMwTL8VlA
2265,[Просчет-РФ] Лаура Гугкаева / Пледы: 3000/5000/7000/15000/20000 шт 24-07-2025,15322,Плед с бахромой,40,3000,20000,ЖД,НЕТ,https://docs.google.com/spreadsheets/d/1YQNIEJtUAb1FyL_Ntm0nHFRxezxihMoImDnMwTL8VlA
2265,[Просчет-РФ] Лаура Гугкаева / Пледы: 3000/5000/7000/15000/20000 шт 24-07-2025,15322,Плед с бахромой,40,3000,20000,АВИА,НЕТ,https://docs.google.com/spreadsheets/d/1YQNIEJtUAb1FyL_Ntm0nHFRxezxihMoImDnMwTL8VlA
